Date,Close,High,Low,Open,Volume,daily_pct_change
2016-08-08,24.804040908813477,24.804040908813477,24.527092804815823,24.609489043629477,112148800,
2016-08-09,24.904739379882812,24.93449526442655,24.721634169460145,24.771988669853517,105260800,0.4059760723646999
2016-08-10,24.7193546295166,24.92534960067685,24.66442321928655,24.881861288365783,96034000,-0.7443753879069259
2016-08-11,24.70332717895508,24.932210039226604,24.68501613103632,24.838367228321207,109938000,-0.06483765778569905
2016-08-12,24.76054954528809,24.820059581873902,24.6689960458263,24.6689960458263,74641600,0.2316382968111208
2016-08-15,25.05810546875,25.071837886588973,24.73766899801379,24.75140141585276,103472800,1.2017339232219815
2016-08-16,25.03520393371582,25.229755741000236,24.99629427075392,25.092424642625954,135177600,-0.09139372113642352
2016-08-17,24.99858665466309,25.032919433468297,24.797168616999254,24.97112008237138,101424000,-0.14626315467483053
2016-08-18,24.9665470123291,25.085565351322884,24.952812850963635,25.000879796385863,87938800,-0.1281658150382281
2016-08-19,25.030628204345703,25.10615996270143,24.80174535810716,24.895586417021445,101472400,0.25666822081946705
2016-08-22,24.836082458496097,24.971122523094618,24.685018915482996,24.91619111937978,103280800,-0.7772307760770869
2016-08-23,24.913896560668945,25.02147177389938,24.840654122377213,24.854386533857703,85030800,0.313310693435187
2016-08-24,24.726215362548828,24.891011302987323,24.64610670990169,24.8498123178777,94700400,-0.7533193278822736
2016-08-25,24.620927810668945,24.69188093452572,24.417222216300257,24.57972882831137,100344800,-0.4258134548134507
2016-08-26,24.476734161376953,24.707904597919818,24.33253683872007,24.5843093874106,111065200,-0.5856548152889274
2016-08-29,24.449262619018555,24.59117059523091,24.32795500452868,24.40348675378222,99881200,-0.11223532591103647
2016-08-30,24.26158332824707,24.37602475904069,24.14714189745345,24.215807454424684,99455600,-0.7676276119079839
2016-08-31,24.28447151184082,24.3920467372776,24.179185603989712,24.183764239161057,118649600,0.09433919989509931
2016-09-01,24.42867088317871,24.44469261514723,24.174610743222345,24.29362907409736,106806000,0.593792503442292
2016-09-02,24.65755271911621,24.71935032658807,24.44926846613325,24.650684766074676,107210000,0.936939373542045
2016-09-06,24.650684356689453,24.788015475435525,24.607197798908395,24.696461978350715,107521600,-0.027855004529431238
2016-09-07,24.801740646362305,24.89329411671223,24.506481621258324,24.680433040299462,169457200,0.6127874077940465
2016-09-08,24.15172576904297,24.5522708926255,24.08763882866787,24.54769400241506,212008000,-2.620843781037907
2016-09-09,23.604690551757812,24.19749811312488,23.604690551757812,23.950304186078277,186228000,-2.2649943217984525
2016-09-12,24.13340950012207,24.197496422009813,23.46735953427949,23.494826106333228,181171200,2.2398893440477075
2016-09-13,24.707902908325195,24.90016540997437,24.54539629470703,24.607195641973306,248704800,2.3804900347802915
2016-09-14,25.58223533630371,25.870628215800973,24.856677122030995,24.886433010076683,443554800,3.5386751810648986
2016-09-15,26.45199203491211,26.488614130670957,25.97591526747291,26.06060255423702,359934400,3.3998463667251455
2016-09-16,26.303224563598633,26.58017268531583,26.10180822405106,26.349002195021775,319547600,-0.5624055500891179
2016-09-19,25.996522903442383,26.5916181560551,25.920991119493728,26.36502455044726,188092000,-1.1660230456333465
2016-09-20,25.994224548339844,26.12011081115645,25.75160929226149,25.875206237689383,138057200,-0.008841009665316868
2016-09-21,25.98964500427246,26.09035225799833,25.735584933446983,26.05830880278046,144012800,-0.01761754446210073
2016-09-22,26.234556198120117,26.307798649490568,26.092648184610844,26.172756842947617,124296000,0.9423414356271254
2016-09-23,25.797386169433594,26.273462923090836,25.531882967818554,26.188775638778345,209924800,-1.6663900291854383
2016-09-26,25.836294174194336,25.95302491074402,25.53188132621277,25.552479943478165,119477600,0.15082149991940685
2016-09-27,25.88436508178711,25.904965449843164,25.71270291501741,25.86376645996892,98429600,0.18605960773114827
2016-09-28,26.081205368041992,26.239135125485873,25.96218703015939,26.021697072219652,118564400,0.7604601682634549
2016-09-29,25.676082611083984,26.04687352067809,25.589107741729357,25.900388611113527,143548000,-1.553313013111024
2016-09-30,25.875207901000977,25.9484503460104,25.58910432733329,25.74016610618626,145516400,0.7755283114373235
2016-10-03,25.7539005279541,25.875209919491997,25.698969126471315,25.797388833340097,86807200,-0.4688169985377466
2016-10-04,25.863765716552734,26.16360173376269,25.779078421401593,25.877498130703476,118947200,0.4265963071472756
2016-10-05,25.875207901000977,26.01482658464982,25.79280993208567,25.955316552380403,85812400,0.04424021070110751
2016-10-06,26.067476272583008,26.170472890669775,25.893524760075575,26.023987957896615,115117200,0.7430602000094266
2016-10-07,26.10637664794922,26.220818070037353,25.980492131394783,26.16359735899329,97433600,0.14922954166884939
2016-10-10,26.561857223510746,26.722074530767596,26.25744259348504,26.3261064053504,144944000,1.744710044230935
2016-10-11,26.619075775146484,27.166105639172304,26.596186093481776,26.93951036360196,256164000,0.21541623070351346
2016-10-12,26.857112884521484,27.003599515625737,26.722072840694025,26.85940220197684,150347200,0.8942350643039498
2016-10-13,26.77471923828125,26.880005150259223,26.486326329501203,26.731230933637267,140769600,-0.3067851953949985
2016-10-14,26.923492431640625,27.0470893958653,26.809050992125677,26.9807131513981,142608800,0.5556480052521628
2016-10-17,26.905183792114254,26.971558291980894,26.728942993020848,26.854829278087568,94499600,-0.06800246874678617
2016-10-18,26.88686752319336,27.05624033602952,26.88228888849543,27.049374130220112,98214000,-0.0680771001693059
2016-10-19,26.806764602661133,26.95324951200044,26.04687348062428,26.836518749601417,80138400,-0.2979258199681589
2016-10-20,26.793033599853516,26.866276063155947,26.625950048993936,26.747257715128768,96503200,-0.051222156090613424
2016-10-21,26.687740325927734,26.75869519784017,26.61449788277504,26.735805515536914,92770800,-0.3929875037605224
2016-10-24,26.928070068359375,26.94866868851393,26.779295853260383,26.80218379106691,94154800,0.9005248833231283
2016-10-25,27.06540298461914,27.090580243373637,26.850252499349068,26.996737415972703,192516000,0.5099991046931152
2016-10-26,26.45656967163086,26.48174692661736,25.93471701597914,26.16359988222903,264536800,-2.2494891848987897
2016-10-27,26.2025089263916,26.51836662459886,26.115532327492296,26.410791407794477,138248000,-0.9602935996335327
2016-10-28,26.028554916381836,26.36958983377644,25.96675557626604,26.062887689086462,151446800,-0.66388302928716
2016-10-31,25.98736572265625,26.14529548881585,25.909544625476876,26.01254298236975,105677600,-0.1582461794667811
2016-11-01,25.51814842224121,26.040001040121055,25.29842109609378,25.96904791551526,175303200,-1.8055593068672104
2016-11-02,25.541040420532227,25.714991902906835,25.45864418807882,25.497553859616954,113326800,0.08970869638433854
2016-11-03,25.267269134521484,25.64226302147412,25.202853178991276,25.53183617062324,107730400,-1.0718877598684617
2016-11-04,25.03950881958008,25.363891402462773,24.871567483003545,24.968191409954677,123348000,-0.901404555153229
2016-11-07,25.40070152282715,25.42370696897912,25.1821453963758,25.3247819708429,130240000,1.4424911680560815
2016-11-08,25.55024528503418,25.702084433482018,25.2373662111449,25.377701755545395,97016800,0.5887387089393625
2016-11-09,25.508827209472656,25.610053278444553,24.857764485066493,25.27876923832055,236705600,-0.16210441465226433
2016-11-10,24.79795265197754,25.557143017878342,24.347039171303557,25.557143017878342,228538000,-2.7867786772695524
2016-11-11,24.945192337036133,25.04641843220124,24.51268387122759,24.643816878508083,136575600,0.5937574247560029
2016-11-14,24.31943130493164,24.80255276055703,23.944437391630697,24.779547311280258,204702000,-2.5085436249590476
2016-11-15,24.641511917114254,24.77264490369558,24.422957524546455,24.517280389531447,129058000,1.3243755914526645
2016-11-16,25.304079055786133,25.35929423981012,24.524182572280637,24.547188021355673,235362000,2.6888250238075173
2016-11-17,25.294872283935547,25.3868958200094,25.03720848917232,25.262664309590143,110528000,-0.03638453638359351
2016-11-18,25.320178985595703,25.430607580733323,25.22815720405116,25.241960120242243,113715600,0.10004676590609218
2016-11-21,25.70438575744629,25.764199584509186,25.308685645105,25.333992170094515,117058400,1.517393585839799
2016-11-22,25.72048568725586,25.86312052717091,25.628462134121555,25.75499298387835,103862000,0.06263495249991813
2016-11-23,25.589345932006836,25.65376187561672,25.382293430973053,25.619252832910615,109705600,-0.5098650034979779
2016-11-25,25.718181610107425,25.73658666962397,25.524931995589796,25.566342501900497,45903600,0.5034739005948641
2016-11-28,25.66757583618164,25.874628426316654,25.62616531815464,25.635367850516595,108776000,-0.19677041982585353
2016-11-29,25.64226722717285,25.773400231067928,25.322486713197073,25.485827700139826,114115200,-0.09860147748395054
2016-11-30,25.426006317138672,25.81250378067143,25.36849182408441,25.67446934838181,144649200,-0.8433767112644763
2016-12-01,25.18904685974121,25.522631972222214,25.08322040325852,25.39149899840638,148347600,-0.9319570460333604
2016-12-02,25.283374786376953,25.327084613245596,25.041813182047218,25.11543167252432,106112000,0.37447993630319587
2016-12-05,25.10162925720215,25.31328220216583,24.90377923097857,25.306380742795778,137298000,-0.7188341378886354
2016-12-06,25.294872283935547,25.38919689109206,25.12002949611849,25.191346902854317,104782000,0.769842565808565
2016-12-07,25.5433406829834,25.580150807244586,25.113133325701664,25.136138775763236,119994800,0.9822876204267361
2016-12-08,25.794099807739254,25.86541721561157,25.44441071612672,25.504226278808364,108273200,0.9817005843832716
2016-12-09,26.215112686157227,26.387656214381703,25.83781764485599,25.83781764485599,137610400,1.63220613068904
2016-12-12,26.065574645996097,26.456672582084675,25.879226454270913,26.063273574314607,105497600,-0.570426844817995
2016-12-13,26.50038146972656,26.668322826103353,26.169097389460877,26.189801766875863,174935200,1.6681267519925935
2016-12-14,26.50038146972656,26.732738784998737,26.452069500555023,26.46587241883168,136127200,0.0
2016-12-15,26.645313262939453,26.854666852226416,26.509579906968938,26.54408719733231,186098000,0.5469045544814533
2016-12-16,26.679826736450195,26.801757196511677,26.606208246118552,26.79485573729359,177404400,0.1295292465513853
2016-12-19,26.833967208862305,27.00420965154858,26.629215712268476,26.640719315305457,111117600,0.5777416545270198
2016-12-20,26.905288696289062,27.031821327990908,26.843173794037757,26.856976715603903,85700000,0.26578808445141267
2016-12-21,26.930593490600582,27.008814136586548,26.86617752049659,26.87077966419176,95132800,0.09405137628204496
2016-12-22,26.753446578979492,26.80405962274124,26.60390851928433,26.767249498113294,104343600,-0.657790596716401
2016-12-23,26.806360244750977,26.806360244750977,26.592406211739476,26.592406211739476,56998000,0.19778261322433988
2016-12-27,26.976606369018555,27.10083792173648,26.79946069460087,26.80636215499572,73187600,0.6350960097274427
2016-12-28,26.861576080322266,27.151447934441215,26.73274238995481,27.036418919415244,83623600,-0.4264075589151761
2016-12-29,26.854673385620117,26.942094801147437,26.778753817944512,26.79025566579623,60158000,-0.02569728105866753
2016-12-30,26.645313262939453,26.962792620703265,26.555590797588746,26.836261793897304,122345200,-0.779604055034866
2017-01-03,26.72124671936035,26.762657244551697,26.40146612407314,26.640726741267144,115127600,0.28497865899184127
2017-01-04,26.691326141357425,26.804055815616383,26.629211258874463,26.65221670589767,84472400,-0.11197298657943389
2017-01-05,26.827062606811523,26.88457710485285,26.643015510998012,26.66832203055245,88774400,0.5085414817354472
2017-01-06,27.126144409179688,27.183658919328703,26.794860269056215,26.866177699975857,127007600,1.1148510992486482
2017-01-09,27.37459945678711,27.475825533009875,27.133039622896177,27.135338939026216,134247600,0.915924666106771
2017-01-10,27.402204513549805,27.464319392177675,27.2158581224632,27.323983892281863,97848400,0.10084186549019769
2017-01-11,27.54944610595703,27.590856617075996,27.284879049097164,27.317087029389327,110354400,0.537334842291326
2017-01-12,27.43441390991211,27.44591751090735,27.195153401876347,27.35389396855466,108344800,-0.4175481263851921
2017-01-13,27.386106491088867,27.51954056188967,27.33319237501152,27.40221048203356,104447600,-0.1760832907962695
2017-01-17,27.60696029663086,27.662173725767204,27.197457333063355,27.225063170029895,137759200,0.8064447044119127
2017-01-18,27.604658126831055,27.72198819488039,27.540242169534384,27.606959198221137,94852000,-0.008339091935760656
2017-01-19,27.55634498596191,27.627662399190104,27.462022125421704,27.468923584095,102389200,-0.1750180735699325
2017-01-20,27.60696029663086,27.710485695661916,27.544845408252876,27.710485695661916,130391600,0.18367933299838768
2017-01-23,27.62536239624023,27.793303737125175,27.55404322958216,27.606957336766985,88200800,0.06665746395708716
2017-01-24,27.600059509277344,27.629966418453563,27.49193196465079,27.503435567135732,92844000,-0.091592959397091
2017-01-25,28.039470672607425,28.09008371752747,27.671378193920752,27.703586176105624,129510400,1.5920659996489617
2017-01-26,28.05327033996582,28.16829932872382,27.97504971490478,27.991153703122777,105350400,0.049215149314063567
2017-01-27,28.05556869506836,28.14759223396349,27.97504875673625,28.099280270964226,82251600,0.008192824133113064
2017-01-30,27.981958389282227,27.981958389282227,27.758803567915947,27.820918465573875,121510000,-0.26237324427885733
2017-01-31,27.917537689208984,27.92674021974775,27.74959633368536,27.871526791718377,196804000,-0.23022227099700476
2017-02-01,29.619970321655273,30.020272543535167,29.21966985497879,29.2242702431276,447940000,6.09807588118465
2017-02-02,29.569355010986328,29.767205035094836,29.396811507766348,29.442824161746977,134841600,-0.17088238144499224
2017-02-03,29.695890426635746,29.72119694991995,29.484237463898236,29.518744763646293,98029200,0.4279275472948374
2017-02-06,29.974260330200195,30.02257406292655,29.65447979668952,29.70739567310579,107383600,0.9374021104104235
2017-02-07,30.259525299072266,30.38835720395292,30.011062263771247,30.031766639111467,152735200,0.9516997775076197
2017-02-08,30.37685775756836,30.41827002431868,30.188212016880424,30.218120681177513,92016400,0.3877537976436418
2017-02-09,30.596357345581055,30.603288725916276,30.29598460376013,30.4184436905168,113399600,0.7225881944883161
2017-02-10,30.52704429626465,30.716511453658075,30.510872248423865,30.60560582712058,80262000,-0.22654020063083147
2017-02-13,30.797382354736328,30.919844998644407,30.672613950957334,30.748862679899332,92141600,0.8855690575479525
2017-02-14,31.197107315063477,31.21327936296244,30.788138188350544,30.83897066853526,132904800,1.2979186208845972
2017-02-15,31.310327529907227,31.48593195505866,31.1046882891064,31.312640341160424,142492400,0.36291895174871414
2017-02-16,31.273361206054688,31.400438901901097,31.1555206526763,31.34729712769477,90338400,-0.11806431541551143
2017-02-17,31.358840942382812,31.384257178844305,31.21558771448665,31.21558771448665,88792800,0.2733308254424971
2017-02-21,31.585283279418945,31.596836758496227,31.418923052461174,31.476686922220768,98028800,0.72210046746366
2017-02-22,31.68000602722168,31.68231531199589,31.44895062727859,31.52288652193506,83347600,0.2998951979147124
2017-02-23,31.54599952697754,31.765501493928575,31.492857761966008,31.74239806487526,83152800,-0.4230002359500551
2017-02-24,31.576038360595703,31.576038360595703,31.257180714248527,31.402746774646385,87106400,0.09522232317435986
2017-02-27,31.63841438293457,31.756254893905695,31.48822978245742,31.68693756844485,81029600,0.19754226805319686
2017-02-28,31.652280807495117,31.756255033330067,31.58527276652604,31.67307494753698,93931600,0.043827811320484855
2017-03-01,32.29924011230469,32.38242021612314,31.793231633504373,31.86023616336788,145658400,2.043957933850926
2017-03-02,32.10747146606445,32.41246287027101,32.06125754896711,32.34776761708699,104844000,-0.5937249470063466
2017-03-03,32.29692840576172,32.30848188263105,32.02197187415191,32.06587297087968,84432400,0.5900711923002344
2017-03-06,32.19526672363281,32.29462240405926,32.024287940837276,32.2021981053339,87000000,-0.31477198342728663
2017-03-07,32.23686218261719,32.34314573112953,32.06818914049128,32.13057510847794,69785200,0.12919743557782137
2017-03-08,32.1167106628418,32.30155574588277,32.0751223701116,32.105157184096726,74828800,-0.37271468635734495
2017-03-09,32.04277038574219,32.06818662806942,31.66615237296343,32.05663667525155,88623600,-0.2302236921950973
2017-03-10,32.1490364074707,32.19986885885132,32.033508749901,32.17445263316101,78451200,0.3316380589107881
2017-03-13,32.16291809082031,32.21605985740259,32.07511941682055,32.082050798304046,69686800,0.04317915838492059
2017-03-14,32.11439895629883,32.26689287710669,32.0797385226766,32.18602558324106,61236400,-0.15085426759001708
2017-03-15,32.45405197143555,32.521056504609845,32.12364082513216,32.21144302950852,102767200,1.0576346628779154
2017-03-16,32.50718688964844,32.583435599648205,32.407831227906016,32.51411827004607,76928000,0.16372352598577056
2017-03-17,32.345458984375,32.57882375766877,32.32235202535992,32.57882375766877,175540000,-0.49751430605931013
2017-03-20,32.68511199951172,32.6943526680713,32.40091120111869,32.440190212344305,86168000,1.0500794417565462
2017-03-21,32.31080627441406,32.994732232704536,32.285390023668825,32.83530334399604,158119600,-1.1451872188880663
2017-03-22,32.675865173339844,32.71745699257551,32.292312234910746,32.313109907341975,103440800,1.1298353121409477
2017-03-23,32.56032943725586,32.71282686095234,32.488702820993375,32.63888743408401,81385200,-0.3535812608819633
2017-03-24,32.495643615722656,32.74980606218235,32.428639075634344,32.69435147596562,89582400,-0.19866451799221974
2017-03-27,32.551090240478516,32.62964824085136,32.02890271013015,32.20681637913718,94300400,0.17062787065105223
2017-03-28,33.22576904296875,33.28122008560219,32.49101099744345,32.55801904145993,133499200,2.0726765140764547
2017-03-29,33.29970169067383,33.38519458243014,33.08482187019614,33.19803675493689,116760000,0.2225159863401993
2017-03-30,33.25581741333008,33.38752074455431,33.156465237671576,33.31589410152102,84829200,-0.1317857972164327
2017-03-31,33.193416595458984,33.33436051768321,33.043228483724,33.207279354099846,78646800,-0.18763880344760953
2017-04-03,33.202667236328125,33.29971010159959,33.052482605089835,33.20498004721343,79942800,0.02786890238470896
2017-04-04,33.44990539550781,33.477630927036365,33.08021518886731,33.098700051762044,79565600,0.7446334278505606
2017-04-05,33.27660369873047,33.609324078860624,33.22808050761731,33.322814079164985,110871600,-0.5180932344299505
2017-04-06,33.193416595458984,33.39212436243698,33.14489341459069,33.3389790868133,84596000,-0.24998675954017724
2017-04-07,33.11949157714844,33.31357733372976,33.1033195269134,33.20960307310597,66688800,-0.22270988012924597
2017-04-10,33.0802001953125,33.2442510756305,33.0178142520225,33.179555847635505,75733600,-0.11863522042423469
2017-04-11,32.72438049316406,33.12179610041175,32.36162178890998,33.02706253139465,121517600,-1.0756274147302736
2017-04-12,32.763668060302734,32.84453536364532,32.581132255129475,32.71745766901742,81400000,0.12005595383808298
2017-04-13,32.59037399291992,32.897678183969354,32.59037399291992,32.78908183353735,71291600,-0.5289214475737491
2017-04-17,32.77060317993164,32.78215666047726,32.54878834058837,32.689732341739536,66328400,0.5530135586994778
2017-04-18,32.625030517578125,32.81911625943817,32.60423637215595,32.673553715856414,58790000,-0.44421721978759043
2017-04-19,32.504878997802734,32.80987388395424,32.45173723150411,32.782148358168236,69313600,-0.36828017589333184
2017-04-20,32.91154098510742,33.02244662108617,32.6157902720797,32.629653035873716,93278400,1.251079837375113
2017-04-21,32.872257232666016,32.96698728012244,32.77521437449348,32.91153623295304,69283600,-0.11936163201590189
2017-04-24,33.18880844116211,33.26043507464243,33.082521370895755,33.156460815537876,68537200,0.9629737509523117
2017-04-25,33.394439697265625,33.47992907478972,33.241942273336754,33.25118646452234,75486000,0.619580110771567
2017-04-26,33.198036193847656,33.410610251682364,33.12872239849438,33.38057192327901,80164800,-0.5881323513688086
2017-04-27,33.22346115112305,33.30895406388303,33.11255552381096,33.253499487413826,56985200,0.07658572671869202
2017-04-28,33.19111633300781,33.3413045015207,33.10331765321541,33.29278130230845,83441600,-0.0973553537005345
2017-05-01,33.86811447143555,34.01136774840602,33.493805702253574,33.52615333013811,134411600,2.0396968021062722
2017-05-02,34.082984924316406,34.21699749566795,33.928178210589465,34.089916305108204,181408800,0.6344328765691465
2017-05-03,33.97901916503906,34.078374857222194,33.33437591117212,33.639367318988945,182788000,-0.30503713072140837
2017-05-04,33.8565559387207,33.99749990895938,33.69019572710698,33.85424665336897,93487600,-0.36040836177038127
2017-05-05,34.41801834106445,34.42263691120523,33.90969357549422,33.90969357549422,109310800,1.6583565184833837
2017-05-08,35.35379409790039,35.51322292684159,34.43419436903658,34.43419436903658,195009600,2.7188542569850815
2017-05-09,35.5802116394043,35.78585074267738,35.455439786491674,35.55248260229896,156521600,0.6404335016403584
2017-05-10,35.41156005859375,35.56867961150019,35.145847678377294,35.49705297990931,103222800,-0.47400387192685356
2017-05-11,35.71780014038086,35.74564363962655,35.33730535901686,35.36978649132191,109020400,0.8648025709129703
2017-05-12,36.21662139892578,36.29086246895266,35.88484654986236,35.89180653954682,130108000,1.3965620967260506
2017-05-15,36.12383270263672,36.34424074052335,35.973028134656275,36.19575499014061,104038800,-0.2562047278430457
2017-05-16,36.07045364379883,36.207338157780946,35.896446825631735,36.1794981997311,80194000,-0.1477668753404271
2017-05-17,34.859378814697266,35.86166015777353,34.73409541690228,35.63661097305999,203070800,-3.357525915978521
2017-05-18,35.39068603515625,35.576294125349484,35.06355571464078,35.096036864911106,134272800,1.5241442576566344
2017-05-19,35.51131820678711,35.72476618959249,35.411555976421134,35.585562830464724,107843200,0.34085852845866516
2017-05-22,35.727081298828125,35.863965813263476,35.47651105501651,35.7294001152807,91865600,0.6075896444750262
2017-05-23,35.68299865722656,35.938206531456125,35.569312928958254,35.938206531456125,79675600,-0.1233871897702632
2017-05-24,35.5762825012207,35.76885052211112,35.42083679427562,35.69228707716587,76712000,-0.29906723095495247
2017-05-25,35.69923400878906,35.81060090988415,35.50434724213878,35.66675288101401,76942400,0.34559964932856513
2017-05-26,35.6389274597168,35.785094364401445,35.56932400319178,35.72941089114566,87710400,-0.16892953237432895
2017-05-30,35.65284729003906,35.82917297765768,35.57396502506591,35.59484499988018,80507600,0.03905793836809224
2017-05-31,35.44171905517578,35.76885283009231,35.35355797909039,35.722451704755954,97804800,-0.5921777667453387
2017-06-01,35.53915023803711,35.573953725184595,35.31642349707515,35.536831421631696,65616400,0.2749053529532475
2017-06-02,36.065818786621094,36.065818786621094,35.471875976360536,35.631962843537316,111082800,1.4819390589150716
2017-06-05,35.71316146850586,35.83380719987951,35.60412044112713,35.80828605555389,101326800,-0.9778159209463344
2017-06-06,35.83380126953125,36.14933375616581,35.67835561261109,35.706195569021396,106499600,0.33780207650273564
2017-06-07,36.04724884033203,36.188774517651595,35.840760905243904,35.96604778821009,84278400,0.5956598609097918
2017-06-08,35.95909881591797,36.08670101408541,35.822210729231124,36.01941991941855,85003200,-0.24454022775639572
2017-06-09,34.564735412597656,36.00551434353433,33.87799004810297,36.00551434353433,259530800,-3.8776372301718265
2017-06-12,33.738765716552734,33.89421140172117,33.06361832949146,33.813010334042374,289229200,-2.389631183879637
2017-06-13,34.01021957397461,34.20974757944908,33.67612584014028,34.14246648535844,136661600,0.8045755428708334
2017-06-14,33.67845916748047,34.22135989171264,33.37220529831581,34.22135989171264,126124800,-0.9754726980592987
2017-06-15,33.476600646972656,33.52068295447054,32.994024702203426,33.25155501532048,128661600,-0.5993698212379162
2017-06-16,33.00794219970703,33.525321604147315,32.99169986019783,33.358274735777414,201444400,-1.3999582938777455
2017-06-19,33.95222091674805,34.04502670838691,33.330438043573054,33.330438043573054,130165600,2.8607621502966474
2017-06-20,33.643653869628906,34.07519113673098,33.6274150660144,34.07519113673098,99600400,-0.9088272837165956
2017-06-21,33.84316635131836,33.8895710035528,33.55083615920216,33.76196529026394,85063200,0.5930166873746145
2017-06-22,33.78750228881836,34.03575030191713,33.669175326340806,33.81998343651856,76425200,-0.16447652067234086
2017-06-23,33.938289642333984,34.14245877583678,33.66683942993293,33.671480603015574,141757600,0.44628144521214885
2017-06-26,33.83156967163086,34.40231009217581,33.729485098153745,34.14477984187781,102769600,-0.31445300228095663
2017-06-27,33.346675872802734,33.910459977521306,33.32115472336808,33.64364731703564,99047600,-1.4332583546507127
2017-06-28,33.833885192871094,33.898847453269674,33.214421362527546,33.52299386950965,88329600,1.4610431394324497
2017-06-29,33.33506774902344,33.67148379594912,33.01025640599368,33.5740403930402,125997600,-1.4743132247571733
2017-06-30,33.41396713256836,33.632056354550755,33.358283648175124,33.51372939273757,92096400,0.23668583528597686
2017-07-03,33.293312072753906,33.710929238845075,33.200509831479685,33.613485823453566,57111200,-0.36109169358956583
2017-07-05,33.43020248413086,33.5926082049495,33.112351034801584,33.33740022657141,86278400,0.4111648942520807
2017-07-06,33.11465835571289,33.293306356681505,33.040417283475556,33.18194297823651,96515200,-0.943889372395379
2017-07-07,33.45106887817383,33.58331575868507,33.15409752635443,33.15409752635443,76806800,1.0158960990847676
2017-07-10,33.655242919921875,33.86173089842264,33.263146934412056,33.43483496042663,84362400,0.6103662710797986
2017-07-11,33.76428985595703,33.83853448003167,33.49748076106818,33.57868183594897,79127200,0.3240117336089865
2017-07-12,33.81300354003906,33.91508455830899,33.59955561791149,33.84316231217853,99538000,0.144275754916956
2017-07-13,34.283992767333984,34.45103963699194,33.74341102804902,33.75733101049074,100797600,1.3929233667077545
2017-07-14,34.578636169433594,34.64592079378021,34.1819025741464,34.3303882628221,80528400,0.8594197417412408
2017-07-17,34.69929122924805,35.01018267036603,34.46960441447506,34.527606707527475,95174000,0.3489294928326503
2017-07-18,34.8199462890625,34.831547458806995,34.49281241923954,34.61577703013527,71475200,0.3477162084300822
2017-07-19,35.03803253173828,35.130834801378214,34.789780973172995,34.91274557352675,83692000,0.6263256148223428
2017-07-20,34.880252838134766,35.205067754332376,34.845452883625036,35.149384286938314,68974800,-0.4503097982473614
2017-07-21,34.864009857177734,34.90345098095028,34.54151733675225,34.79904758976671,105010400,-0.04656784178832529
2017-07-24,35.28627014160156,35.36747475871802,34.77816954577707,34.93593760584311,85972800,1.2111638510706069
2017-07-25,35.437076568603516,35.692284493098995,35.218987415187335,35.218987415187335,75415600,0.4273799027122438
2017-07-26,35.604122161865234,35.71316319451389,35.51131638702401,35.57860101630619,63124000,0.4713864952667013
2017-07-27,34.93129348754883,35.727086631610675,34.17494501031293,35.671403166837266,129905200,-1.8897493701924728
2017-07-28,34.68536376953125,34.85472943749042,34.61344150807646,34.775847185583764,68854800,-0.704038394985973
2017-07-31,34.5067253112793,34.87794142569058,34.36752192350949,34.77817563461861,79383600,-0.5150254713743974
2017-08-01,34.81297302246094,34.85241415241093,34.43247816509669,34.59256504206811,141474400,0.8875015186721846
2017-08-02,36.457908630371094,37.06345250301335,36.230540711117264,36.95440794639433,279747200,4.725065011967988
2017-08-03,36.09366226196289,36.47415709575455,35.96605653168981,36.43703478509722,108389200,-0.9990873917127829
2017-08-04,36.28390884399414,36.5182367982239,36.12150315590527,36.20966776094429,82239600,0.5270913786760367
2017-08-07,36.84537124633789,36.87089239354546,36.34887182444575,36.439355248149226,87481200,1.5474143228553672
2017-08-08,37.140018463134766,37.54603440245915,36.72008254374774,36.79664597427028,144823600,0.7996858406635221
2017-08-09,37.36737823486328,37.41610169461673,36.9149612807696,36.94976122332401,104526000,0.61216924798837
2017-08-10,36.17716598510742,37.26723077944783,36.01645048371824,37.24393733857864,163217200,-3.1851639209876548
2017-08-11,36.680274963378906,36.93416070229305,36.351860156850435,36.47530758815783,105028400,1.3906810126547597
2017-08-14,37.23230743408203,37.31615887536622,36.97609370957996,37.108859972480495,88490800,1.5049845489279123
2017-08-15,37.6399040222168,37.779654003384806,37.2998389819559,37.42095847556554,117862000,1.094738994773281
2017-08-16,37.48851776123047,37.85187282362059,37.302180829366435,37.71911011424637,110686400,-0.4021961928940443
2017-08-17,36.7687873840332,37.43261145636436,36.76412798432432,37.38835604433153,111762400,-1.9198688563290989
2017-08-18,36.684932708740234,37.15077312408931,36.50325523108051,36.76878412566628,109712400,-0.2280593983618351
2017-08-21,36.61739730834961,36.775781386413854,36.12826331840998,36.68494262303436,105474000,-0.1840957455934933
2017-08-22,37.21599960327149,37.26724234582348,36.806061216936655,36.85497248223008,86418400,1.6347483407439967
2017-08-23,37.262577056884766,37.37670924800208,37.00636693869412,37.050622350639216,77596400,0.12515438013165348
2017-08-24,37.097206115722656,37.43959913896575,36.92950326539622,37.36739088206577,79275600,-0.44379899143759394
2017-08-25,37.23462677001953,37.39767021433604,37.097204692244226,37.18571195968431,101920400,0.37043397248892607
2017-08-28,37.60962677001953,37.733074197574055,37.250927654646475,37.29984246277203,103864000,1.0071270549217415
2017-08-29,37.94504165649414,37.99395292241599,37.26724282464148,37.29053627303937,118067600,0.8918325314038578
2017-08-30,38.04753494262695,38.173310349148224,37.87517262975961,38.152348373741674,109078400,0.2701098263658608
2017-08-31,38.19892120361328,38.320040729401555,38.077801677825,38.115069771003085,107140400,0.39788717249253924
2017-09-01,38.2105598449707,38.41785868256609,38.11273378663043,38.385249996452664,66364400,0.030468507985825788
2017-09-05,37.751712799072266,38.257149291687355,37.39767304031707,38.14068917207796,117874000,-1.2008383226000618
2017-09-06,37.71210479736328,37.96365900224784,37.38834590992549,37.89844164032366,86606800,-0.10491709851627729
2017-09-07,37.56070709228515,37.788971428503594,37.35108035110812,37.75403126892082,87714000,-0.4014565240832657
2017-09-08,36.948143005371094,37.53509951790412,36.92484955709291,37.46755420442734,114446000,-1.6308640979761369
2017-09-11,37.61661911010742,37.74472595411591,37.24161737805395,37.38369886793957,126323200,1.8092278809225926
2017-09-12,37.46754837036133,38.18960250557941,36.98074594224573,37.87515877319203,286856000,-0.39628957432285006
2017-09-13,37.18571090698242,37.25791915906749,36.78043200745177,37.23695363861418,179629600,-0.7522175205940451
2017-09-14,36.86661529541016,37.127484826851486,36.822359881166186,37.03199022957224,95042800,-0.8581135166958465
2017-09-15,37.239288330078125,37.49317053339173,36.80139715072568,36.91086994556379,196458400,1.010868591222036
2017-09-18,36.95745086669922,37.383695295624975,36.80139474584889,37.292856552023125,113077600,-0.7568282746995059
2017-09-19,36.97142028808594,37.213659272855445,36.90387499764983,37.15309774962307,83242400,0.0377986605112568
2017-09-20,36.35187149047851,36.86196394189305,35.830128759626284,36.77811249504325,211805600,-1.6757506008149736
2017-09-21,35.727638244628906,36.28897691957961,35.57856942162137,36.28897691957961,150046800,-1.717196997720205
2017-09-22,35.378257751464844,35.46676858657564,35.06847338265814,35.296734239749,186581600,-0.9778997726405447
2017-09-25,35.0661506652832,35.36428835466453,34.74239160162309,34.935715870439076,177549200,-0.8822002721960431
2017-09-26,35.669395446777344,35.85107289889718,35.33166190394329,35.35262386670793,146640000,1.7203051091985833
2017-09-27,35.92328643798828,36.03741863130181,35.76257090902376,35.82313244404268,102016800,0.7117894431089233
2017-09-28,35.7020149230957,35.93493516844684,35.56692075430234,35.84409641492313,88022000,-0.6159556567146063
2017-09-29,35.89767074584961,35.90000222315323,35.40388091253344,35.68571600201449,105199200,0.5480245951814178
2017-10-02,35.82545852661133,35.974527325485546,35.571576339386255,35.93027191496218,74795200,-0.2011612946966168
2017-10-03,35.98151397705078,36.12359545099182,35.84875130203596,35.87204119119061,64921200,0.435599310818402
2017-10-04,35.74859619140625,35.83710701682054,35.51102011384265,35.78353635863432,80655200,-0.6473262514553602
2017-10-05,36.1934814453125,36.20512816989654,35.881369129315786,35.91164634833667,85135200,1.2444831442449678
2017-10-06,36.17251205444336,36.21676746633701,36.00014980656297,36.09564795285132,69630400,-0.05793692684917806
2017-10-09,36.29829025268555,36.50558912928541,36.21677029910365,36.29130292963798,65051600,0.3477176206420962
2017-10-10,36.31228256225586,36.80141673800159,36.125949118240946,36.3495506726919,62468000,0.03854812299122212
2017-10-11,36.463653564453125,36.56380753225443,36.27731671641003,36.32855943847387,67622400,0.41685895657412875
2017-10-12,36.335548400878906,36.6546479129913,36.27265895658116,36.417071886230794,64500400,-0.35132289568234887
2017-10-13,36.56614303588867,36.63368832927769,36.43104889503047,36.505581510008696,65576800,0.6346254430115827
2017-10-16,37.239288330078125,37.26723762098803,36.719873646797474,36.778103705580264,96486000,1.8408977220506495
2017-10-17,37.376708984375,37.469875653227085,37.08788662440458,37.21599345963665,75989200,0.3690206243438965
2017-10-18,37.211334228515625,37.43261128768263,37.17406969325437,37.3650624314904,65496800,-0.4424540318103132
2017-10-19,36.330902099609375,36.587115813870575,36.10730063450979,36.51025169959222,170336800,-2.3660321435923226
2017-10-20,36.393795013427734,36.743175445556645,36.32624969367869,36.47764645930194,95896400,0.1731113464948475
2017-10-23,36.37515640258789,36.72919619122614,36.21910025562893,36.542859273307,87937200,-0.05121370506419032
2017-10-24,36.59177017211914,36.666302798854936,36.38213982913323,36.4031017972076,71028800,0.5954992114228785
2017-10-25,36.43105697631836,36.696585917849305,36.16552803478742,36.54751710074563,84828400,-0.43920585160222014
2017-10-26,36.663970947265625,36.761797008544235,36.51723007830754,36.62204346152888,68002000,0.6393280631376452
2017-10-27,37.9776496887207,38.10575654450994,36.96444512048361,37.10186722302062,177816800,3.5830236265039783
2017-10-30,38.83245468139648,39.146898362121874,38.13369410563347,38.17329011177043,178803200,2.2508106733357236
2017-10-31,39.372833251953125,39.514914731300486,38.883702912128214,39.10730433773944,144187200,1.3915642855704569
2017-11-01,38.8720588684082,39.582466314093104,38.57392124433074,39.566160191268466,134551200,-1.271877947772737
2017-11-02,39.156219482421875,39.247058228740606,38.49705481387086,38.80451121930693,165573600,0.7310150845768915
2017-11-03,40.178749084472656,40.588687505807215,39.8573179544908,40.52812951129416,237594400,2.611410436367123
2017-11-06,40.58634948730469,40.75871173446728,39.9970615983004,40.148458323966565,140105200,1.0144676280863907
2017-11-07,40.71678161621094,40.81926707795538,40.43495015049409,40.50715484742848,97446000,0.32136945193124156
2017-11-08,41.04986572265625,41.04986572265625,40.60498719669403,40.68185130490328,97638000,0.8180511652048139
2017-11-09,40.96601104736328,41.01725378211168,40.327808339911776,40.78666147574387,117930400,-0.20427515125022166
2017-11-10,40.8304328918457,40.996402330142,40.73693129386803,40.93328678973554,100582000,-0.3309527875702378
2017-11-13,40.66679763793945,40.7906888430598,40.53355413421182,40.55693131387321,67928400,-0.4007678643518142
2017-11-14,40.05201721191406,40.55225821938238,40.01461514838106,40.44940432809518,99130000,-1.511750277213475
2017-11-15,39.523738861083984,39.81359959427168,39.3601092402757,39.731783000438426,116632400,-1.3189806346955546
2017-11-16,39.99589920043945,40.175889860157106,39.808892536051665,40.01459665670833,94550000,1.1946246811694428
2017-11-17,39.77384567260742,40.063706318434406,39.654630606275354,39.98188974925974,87598000,-0.555190737728406
2017-11-20,39.73411178588867,39.869691608046615,39.63593403195173,39.80657606378088,65049600,-0.09989953459822454
2017-11-21,40.47279357910156,40.603697273647384,39.92112546147407,39.92112546147407,100525200,1.8590620502437538
2017-11-22,40.898216247558594,40.90756497870825,40.45173853945968,40.52420279815348,102355600,1.0511324542635592
2017-11-24,40.90056610107422,41.02445733931441,40.825761959645845,40.93095572938672,56106800,0.005745613699636998
2017-11-27,40.69485092163086,40.92627217962039,40.51953275956953,40.91925973848651,82867200,-0.5029641373055616
2017-11-28,40.456417083740234,40.87717778066195,40.17356890543842,40.74393784446522,105715200,-0.585906650327328
2017-11-29,39.61722946166992,40.421356022358474,39.07491378830195,40.35356790075893,166665600,-2.0743004016724687
2017-11-30,40.17124938964844,40.23903753166076,39.3741350302361,39.83931042243184,166108800,1.3984317820975756
2017-12-01,39.984222412109375,40.12915092551341,39.38814005400389,39.72708772685399,159037200,-0.4655742113593764
2017-12-04,39.69203186035156,40.3512262825852,39.652293505718426,40.31850036895455,130169600,-0.730764621970792
2017-12-05,39.65463638305664,40.094101782104794,39.36477569500352,39.519056556395874,109400800,-0.0942140665070812
2017-12-06,39.50736618041992,39.785538263351555,38.911287221974995,39.15439352879619,114240000,-0.3713820528175149
2017-12-07,39.579830169677734,39.84163748488926,39.48398871791025,39.51203848258087,102693200,0.1834189323755231
2017-12-08,39.591514587402344,39.97254053034316,39.46295079005944,39.85332546546157,93420800,0.029521141638344517
2017-12-11,40.3629264831543,40.414353443203005,39.455945806140505,39.551787283218374,141095200,1.9484273430585342
2017-12-12,40.13616180419922,40.297455048962185,40.080062287312174,40.24135196521878,77636800,-0.5618142654986169
2017-12-13,40.26941680908203,40.566286349142075,40.206301267674334,40.3231800504292,95273600,0.3320073442320881
2017-12-14,40.257720947265625,40.470441149509966,40.124477446896066,40.29979558936755,81906000,-0.029044030788571984
2017-12-15,40.66679763793945,40.7135484304054,40.31382505293616,40.58732093406165,160677200,1.0161446824316966
2017-12-18,41.2395133972168,41.42184403117261,40.87485212930518,40.879528279802386,117684400,1.40831290522625
2017-12-19,40.800052642822266,40.9987480427545,40.6948624292115,40.91459515849426,109745600,-1.0656303098479092
2017-12-20,40.755645751953125,41.00576457070534,40.49851092252701,40.877197155992285,93902400,-0.10884027836408627
2017-12-21,40.909915924072266,41.14601338073836,40.69719922079701,40.71356039788378,83799600,0.37852466639360927
2017-12-22,40.909915924072266,41.00575739525637,40.79070083321309,40.83277548874296,65397600,0.0
2017-12-26,39.87202453613281,40.08240489130736,39.66397690538748,39.92578777056952,132742000,-2.5370166730866672
2017-12-27,39.879051208496094,39.92112586780343,39.67100707036292,39.762172399053675,85992800,0.017623063902649783
2017-12-28,39.99125289916992,40.17124726007621,39.85099690448952,39.97255186208866,65920800,0.28135496526036086
2017-12-29,39.55879211425781,39.87670254845045,39.556455822653554,39.86034137350581,103999600,-1.0813884376227878
2018-01-02,40.2670783996582,40.27643070005527,39.565805677893536,39.776189634537445,102223600,1.7904648942633106
2018-01-03,40.26005554199219,40.802374685276824,40.19694358149866,40.330183509397145,118071600,-0.017440693353298897
2018-01-04,40.44707107543945,40.54992497445396,40.22500210267125,40.3325285848356,89738400,0.46451881630467096
2018-01-05,40.90757369995117,40.99406285723671,40.45174716352319,40.54291247080879,94640000,1.1385314492928789
2018-01-08,40.755645751953125,41.05017909277517,40.65746440482061,40.755645751953125,82271200,-0.37139320242360885
2018-01-09,40.75094985961914,40.921591854561065,40.53589336412295,40.802376800591794,86336000,-0.01152206583245885
2018-01-10,40.741607666015625,40.74394752463994,40.44006195266457,40.47746402207704,95839600,-0.022925094103809496
2018-01-11,40.973026275634766,41.02211693438228,40.78835936614299,40.81173298285246,74670800,0.568015409495426
2018-01-12,41.39612579345703,41.45924133390934,41.05951433352114,41.18340555601736,101672400,1.0326294059315622
2018-01-16,41.18574523925781,41.933768721013166,41.17405664783749,41.585468671088606,118263600,-0.508213148372616
2018-01-17,41.865966796875,41.9010289927206,40.92392442202453,41.17637936582509,137547200,1.6515946322340769
2018-01-18,41.90338134765625,42.09974042023661,41.6672874824555,41.929094823419305,124773600,0.08936745916505728
2018-01-19,41.71637725830078,41.97818459371661,41.47093109791973,41.75143946684489,129700400,-0.44627446125162784
2018-01-22,41.37509536743164,41.55742601082084,41.28159375379643,41.44522336108701,108434400,-0.8181004998492059
2018-01-23,41.384429931640625,41.94545012192714,41.33300655854965,41.44520916986427,130756400,0.022560828261752874
2018-01-24,40.7252311706543,41.44520468515818,40.48679752641156,41.43351609700638,204420400,-1.5928665975952883
2018-01-25,39.998260498046875,40.89588876808735,39.86268067077133,40.79303486002607,166116000,-1.7850621143466028
2018-01-26,40.09174346923828,40.20628591667372,39.752795842032874,40.20628591667372,156572000,0.23371759178369977
2018-01-29,39.26191711425781,39.77618297744424,39.05387305096097,39.77618297744424,202561600,-2.069818579022842
2018-01-30,39.03050231933594,39.124003921961055,38.49987162895176,38.693890842913504,184192800,-0.5894128762190198
2018-01-31,39.13802337646485,39.37412077565685,38.92063057543217,39.00711972420556,129915600,0.2754795627512241
2018-02-01,39.21984100341797,39.41619648711814,38.98140730643512,39.07724875688061,188923200,0.20904895008653224
2018-02-02,37.51808166503906,38.990754742832486,37.42458008451683,38.803748014931365,346375200,-4.339026612144092
2018-02-05,36.58073425292969,38.30820306443695,36.46619172561989,37.19084183409036,290954000,-2.4983884316847504
2018-02-06,38.10950469970703,38.27079802903582,35.99867366557429,36.19269291919745,272975200,4.179168291721491
2018-02-07,37.293678283691406,38.19598257725575,37.183815515739305,38.12351830681923,206434400,-2.140742637418469
2018-02-08,36.26748275756836,37.634965863191155,36.23943299272922,37.46899643189285,217562000,-2.751660799765643
2018-02-09,36.71108627319336,37.0584569628266,35.262922282513344,36.86599613070262,282690400,1.2231439347204942
2018-02-12,38.18976593017578,38.46672273816519,36.96926786105699,37.20163266035302,243278000,4.027883146738054
2018-02-13,38.57234954833984,38.66858177983185,37.94097729101988,38.01139120629208,130196800,1.001796185039594
2018-02-14,39.28351974487305,39.32342012499602,38.22967123455398,38.26722221611662,162579600,1.843730560519674
2018-02-15,40.60260009765625,40.62606901581881,39.666103234935505,39.85152308844231,204588800,3.357846652616603
2018-02-16,40.471153259277344,41.032115117639805,40.31624696133215,40.454725377080166,160704400,-0.3237399527684315
2018-02-20,40.33502960205078,40.900679588295006,40.234102152798535,40.38197101922367,135722000,-0.3363473641447512
2018-02-21,40.151947021484375,40.867811539145606,40.13786137607023,40.56503641863772,149886400,-0.4539046639427724
2018-02-22,40.48759078979492,40.82792054682032,40.3021709353275,40.323294036203414,123967600,0.8359339788203801
2018-02-23,41.19171142578125,41.226916584183606,40.73167706139258,40.76219058627438,135249600,1.7391023329642152
2018-02-26,42.00614929199219,42.10472729761741,41.358349434426906,41.39120876963531,152648800,1.9771887062240312
2018-02-27,41.870018005371094,42.360562232054455,41.81603557762197,42.036664084160634,155712400,-0.32407466267574403
2018-02-28,41.806663513183594,42.393440189851454,41.79023562856521,42.074233534488116,151128400,-0.15131231178208138
2018-03-01,41.07435989379883,42.19627640895745,40.52513788389774,41.9052339409774,195208000,-1.7516432976141139
2018-03-02,41.358360290527344,41.37948338697755,40.47584605945342,40.55799620973738,153816000,0.6914298785491102
2018-03-05,41.50152969360352,41.71746301418378,40.96169460145311,41.12364548723818,113605600,0.34616798652187253
2018-03-06,41.466331481933594,41.83717475100933,41.33958930254335,41.75737398689694,95154000,-0.08481184170749945
2018-03-07,41.081390380859375,41.273854765458225,40.9030116386987,41.06026728930069,126814000,-0.9283220562733674
2018-03-08,41.529693603515625,41.57193979190114,41.09078593320187,41.187014556102035,95096400,1.091256207494684
2018-03-09,42.24321746826172,42.2479126835741,41.63531780640628,41.76910458230956,128740800,1.71810529487193
2018-03-12,42.651615142822266,42.80887083210406,42.29720338770059,42.31597708610445,128828400,0.966776914820433
2018-03-13,42.240867614746094,43.06939575890961,42.069529876916704,42.85580825010609,126774000,-0.963029246842706
2018-03-14,41.88177108764648,42.369969694227,41.73390222458302,42.323028278121285,117473600,-0.850116362132336
2018-03-15,41.93105697631836,42.30424963868147,41.79492794839765,41.89585181071824,90975200,0.11767861623792619
2018-03-16,41.78318786621094,42.04136741352731,41.689301464223135,41.93105312956666,157618800,-0.3526481819691174
2018-03-19,41.144779205322266,41.654100905167574,40.75985386813316,41.618895738906545,133787200,-1.5279079780433302
2018-03-20,41.13067626953125,41.49682413846796,41.060262391336046,41.13067626953125,78597600,-0.03427636765441777
2018-03-21,40.19888687133789,41.09547953238162,40.196537473159985,41.083743285691064,148219600,-2.265436610104099
2018-03-22,39.63088607788086,40.52982452051389,39.57220842812468,39.90080183419946,165963200,-1.4129764221457064
2018-03-23,38.71318054199219,39.88203873797201,38.71318054199219,39.52293168028302,164115200,-2.315632141267898
2018-03-26,40.55095672607422,40.62841166408256,39.06523800187792,39.44781747650699,150164800,4.747158870319623
2018-03-27,39.511192321777344,41.109571370737015,39.17790360863543,40.764546408113944,163690400,-2.564093398142464
2018-03-28,39.07461929321289,39.905496814461294,38.77184419806612,39.2553474561917,166674000,-1.1049350903131971
2018-03-29,39.37974548339844,40.31154688271614,39.173199002522075,39.386786515119255,153594000,0.7808807755640634
2018-04-02,39.12155532836914,39.652003498357566,38.60284698433149,39.11216848156712,150347200,-0.6556420105308769
2018-04-03,39.52291488647461,39.60741083952156,38.6990820303163,39.34688194941007,121112000,1.0259294517731554
2018-04-04,40.278682708740234,40.37256550802131,38.67326320379897,38.69908151081114,138422000,1.912226930722305
2018-04-05,40.55799102783203,40.893625455435775,40.388999115021946,40.50635441106232,107732800,0.6934395573745755
2018-04-06,39.52058410644531,40.48289571302498,39.47833432314732,40.12848388752817,140021200,-2.5578360641058895
2018-04-09,39.912540435791016,40.62605912311723,39.865599029495826,39.87264006137012,116070800,0.9917776728451289
2018-04-10,40.663612365722656,40.839645319686824,40.259909838119526,40.60493471440127,113634400,1.8817943476685528
2018-04-11,40.47350311279297,40.82087385529702,40.29981595084088,40.42421230284707,89726400,-0.46751688271045033
2018-04-12,40.87251281738281,41.074364121464306,40.61432966748776,40.70117504412537,91557200,0.9858541364157869
2018-04-13,41.01097869873047,41.27150758615567,40.80443582338923,41.02271494402695,100497200,0.33877506373616306
2018-04-16,41.266815185546875,41.35365695260684,41.03445042603608,41.0813918249496,86313600,0.6238243878445404
2018-04-17,41.83481979370117,41.99911650197846,41.40529895401935,41.42407623230813,106421600,1.3764197833062486
2018-04-18,41.740936279296875,41.97095526813903,41.515616087100334,41.733895247128224,83018000,-0.22441476948451555
2018-04-19,40.55799102783203,41.16589060178529,40.5251316881967,40.78331119064587,139235200,-2.8340170511497953
2018-04-20,38.896244049072266,40.1871524529709,38.82817596401007,40.04163301530664,261964400,-4.097212254964577
2018-04-23,38.7835807800293,39.17789286841588,38.513661441560345,39.156769773980784,146062000,-0.28965076653887367
2018-04-24,38.243743896484375,39.039412648935595,37.84004139740122,38.88450280085499,134768000,-1.3919212014144366
2018-04-25,38.41038513183594,38.82582386282192,38.11934630361461,38.16863352002018,113528400,0.43573462839467947
2018-04-26,38.544185638427734,38.89859745277348,38.344680140899015,38.52071313940064,111852000,0.3483446107935384
2018-04-27,38.09822845458984,38.56999549782901,37.70156694524858,38.49254056570322,142623200,-1.1570024802736723
2018-04-30,38.788272857666016,39.25769406239759,37.98556302734298,38.053631107612816,169709600,1.8112243825159968
2018-05-01,39.68956756591797,39.71303647925035,38.79062545495093,39.05819542045914,214277600,2.3236268125659043
2018-05-02,41.44285202026367,41.71980880691432,40.79270266081835,41.128337096986456,266157600,4.417494474924122
2018-05-03,41.51797103881836,41.66114469341514,40.9429306029922,41.28091454705021,136272800,0.18125928813479408
2018-05-04,43.146846771240234,43.24542478603207,41.81838401597067,41.83716129232139,224805200,3.9233028292710026
2018-05-07,43.45901107788086,44.048133333878766,43.36277888225993,43.4637027107898,169805600,0.7234927462850038
2018-05-08,43.66790008544922,43.70780045059003,43.10928781068014,43.419107466689546,113611200,0.48065752622401536
2018-05-09,43.97538375854492,43.98477060792433,43.47310315384662,43.78526872136192,92844800,0.7041411940899911
2018-05-10,44.60440444946289,44.68185938348441,44.043446213428126,44.0645728909975,111957200,1.4303927269213368
2018-05-11,44.43476486206055,44.7811202353957,44.16616310265883,44.64682115330001,104848800,-0.38032026096110894
2018-05-14,44.33108901977539,44.65623981059255,44.26276205405801,44.53371864959899,83115200,-0.23332146036330048
2018-05-15,43.92820358276367,44.07664266444101,43.612479322088895,44.00831207961347,94780800,-0.9088101508898161
2018-05-16,44.33814239501953,44.404118071374505,43.824502106780066,43.840996924671,76732400,0.9332018585360702
2018-05-17,44.05777359008789,44.510155226195536,43.9093345737116,44.295744112587485,69176000,-0.6323422448188398
2018-05-18,43.89754867553711,44.25097213040349,43.85513958665361,44.10489158619236,73190800,-0.36367002118969927
2018-05-21,44.20856857299805,44.59497812152537,44.038925005819245,44.29574521897252,73603200,0.7085131330676342
2018-05-22,44.097843170166016,44.50310253434082,44.008308037668286,44.385294663248395,60962800,-0.25046140693110175
2018-05-23,44.38056945800781,44.41355550927262,43.767967254278695,43.90698323730388,80233600,0.6411340499144158
2018-05-24,44.33108901977539,44.49366441518397,43.87399761781053,44.47717318699425,92936000,-0.11149121977634957
2018-05-25,44.432411193847656,44.68451813500634,44.21328671319679,44.34994425694681,69844000,0.22855782772912558
2018-05-29,44.27217483520508,44.47244955605774,44.02949102723114,44.20149302333628,90056400,-0.36062944669715824
2018-05-30,44.17794418334961,44.295752034505206,44.00830059006872,44.229779925474894,74762000,-0.21284396397110994
2018-05-31,44.02949523925781,44.34993266615083,43.85749682190781,44.11196215460604,109931200,-0.3360250161838607
2018-06-01,44.823524475097656,44.82823419974906,44.2368401871287,44.293389239832464,93770000,1.8034029950265484
2018-06-04,45.198150634765625,45.57277865594449,45.085056129264544,45.15338308596888,105064800,0.8357802382900514
2018-06-05,45.5468635559082,45.69530257509716,45.32302939354419,45.49031809732934,86264000,0.7715203304675899
2018-06-06,45.70472717285156,45.72829017819991,45.219359462438206,45.62226384455202,83734400,0.34659602136946077
2018-06-07,45.58221054077149,45.756563841147845,45.3183185372882,45.74242747573462,85388800,-0.26806118241713417
2018-06-08,45.16752624511719,45.23821166989341,44.71278969726127,45.04265021927023,106627200,-0.9097502967377658
2018-06-11,45.056793212890625,45.23115014029129,44.816467766594464,45.0850695440865,73234000,-0.2451607192867522
2018-06-12,45.30418395996094,45.381937568012425,45.0379370834704,45.09448614256514,67644400,0.5490642574170979
2018-06-13,44.931915283203125,45.44555940171566,44.870656492735385,45.337174592969205,86553600,-0.8217092643955759
2018-06-14,44.955474853515625,45.13689994342156,44.81881732042377,45.132186622912144,86440400,0.052433932904949465
2018-06-15,44.49365997314453,44.80467436726028,44.35700246014303,44.774043181267466,246876800,-1.0272717213551497
2018-06-18,44.470096588134766,44.58319108715091,44.10724649411106,44.26746699665913,73939600,-0.05295897218612344
2018-06-19,43.75146484375,43.902258696020326,43.22368456319936,43.62187553432808,134314000,-1.6159887194319822
2018-06-20,43.94232177734375,44.10725202475832,43.76089670758285,43.90698086547268,82514800,0.4362298137339238
2018-06-21,43.69728469848633,44.37821385591246,43.57476354074038,44.11903517514408,102847600,-0.5576334361644064
2018-06-22,43.57006072998047,43.85986707368123,43.51822498132365,43.852798889338096,108801600,-0.29114845323618965
2018-06-25,42.92211151123047,43.5700546843232,42.58282432899554,43.21191781471853,126652400,-1.4871432536336715
2018-06-26,43.454593658447266,43.94938797353978,43.00928021294784,43.1153101341888,98276800,1.2405777080129798
2018-06-27,43.390987396240234,44.126107216581914,43.36035620532259,43.64309432120707,101141200,-0.14637408120066198
2018-06-28,43.70670700073242,43.87399570915046,43.30616107879733,43.37684649918818,69460800,0.7276156258189781
2018-06-29,43.61481857299805,44.10489961774891,43.09646479717635,43.89284334908779,90950800,-0.2102387346016088
2018-07-02,44.1025390625,44.130815387435966,43.21662544405176,43.31087386848866,70925200,1.1182449118426474
2018-07-03,43.334442138671875,44.28397318836197,43.24490701595224,44.24627381087891,55819200,-1.7416161068178337
2018-07-05,43.683143615722656,43.92111774246245,43.41925521678168,43.65015756585503,66416800,0.8046751263923513
2018-07-06,44.28868103027344,44.39706223311594,43.63602456978072,43.68786030860455,69940800,1.3862038407254973
2018-07-09,44.90364074707031,44.92720016005415,44.60205293727909,44.64917535845704,79026400,1.3885256966142734
2018-07-10,44.84944534301758,45.06856619589097,44.80938751433222,44.934267130145,63756400,-0.12069267246725968
2018-07-11,44.267478942871094,44.71514733555964,44.20386169710242,44.41355952665594,75326000,-1.2975999941481686
2018-07-12,45.00966262817383,45.09919773617647,44.60440337487018,44.65623911158645,72164400,1.676589006255691
2018-07-13,45.080345153808594,45.20050784745144,44.97902854938801,45.021441238162346,50055600,0.15703855907269748
2018-07-16,44.98139953613281,45.39136860228985,44.86594653503224,45.125125274151614,60172400,-0.21948726731836343
2018-07-17,45.10862350463867,45.20758166383214,44.5784881977529,44.708077547367004,62138000,0.28283683882193156
2018-07-18,44.86122512817383,45.19108924534587,44.75048546825586,45.18637592497211,65573600,-0.5484502900856669
2018-07-19,45.209938049316406,45.36780012426097,44.69393913236674,44.69393913236674,81147200,0.7773147526539015
2018-07-20,45.10625457763672,45.33951173900121,44.80702173550467,45.1863630250708,82704800,-0.229337787560302
2018-07-23,45.14632034301758,45.22878726865295,44.66330748260312,44.92719589230041,63957600,0.08882529874409961
2018-07-24,45.473819732666016,45.62932692206322,45.24998558773883,45.34423040816834,74791600,0.7254176800238099
2018-07-25,45.90264892578125,45.90971710862951,45.33952399399678,45.487963024230176,66839600,0.943024350354249
2018-07-26,45.758934020996094,46.17126156215479,45.617563140228775,45.853178878033745,76304000,-0.3130862992624328
2018-07-27,44.99787902832031,45.98982256720947,44.790539686327264,45.9427001529024,96096000,-1.6631833956765152
2018-07-30,44.74577713012695,45.2853354853208,44.547860810814726,45.21465005836353,84118000,-0.5602528466612688
2018-07-31,44.83530807495117,45.27119853960078,44.61147388845953,44.837666532786,157492000,0.2000880319138254
2018-08-01,47.476558685302734,47.53781746675014,46.48932842822588,46.918150683987434,271742800,5.891005824998863
2018-08-02,48.86432647705078,49.09758725034946,47.205593985888,47.25978457536614,249616000,2.9230589372469806
2018-08-03,49.00571823120117,49.18243003322383,48.4143204328304,48.7795255427194,133789600,0.2893557823145265
2018-08-06,49.26018524169922,49.302594349847304,48.78895375448443,49.00807467033806,101701600,0.519259832694452
2018-08-07,48.79835891723633,49.36148019425983,48.71589199911434,49.31907110165512,102349600,-0.9375245387261533
2018-08-08,48.83135223388672,48.96329644635382,48.1881224005045,48.548614122141466,90102000,0.06761152912200252
2018-08-09,49.21540069580078,49.427453353804616,48.81956451359469,49.3685494382247,93970400,0.7864792686358424
2018-08-10,49.06879806518555,49.44001366199611,48.86545784192387,49.02860336623843,98444800,-0.2978795835096082
2018-08-13,49.385650634765625,49.87745053972807,49.10901386469039,49.489685715714145,103563600,0.6457312631932721
2018-08-14,49.59370803833008,49.78522547543453,49.24140816989867,49.69065012134938,82992000,0.4212912068389141
2018-08-15,49.70956802368164,49.82778902521528,49.25796293194664,49.46839617036378,115230400,0.23361831557748847
2018-08-16,50.43781280517578,50.55366708451775,50.00039363053768,50.066597106681336,114001600,1.464999215336582
2018-08-17,51.44505310058594,51.532535490008144,50.399979846645785,50.466183320989956,141708000,1.9969943964477377
2018-08-20,50.94379425048828,51.82335515995268,50.86103810842803,51.568000978126,121150800,-0.9743577271027148
2018-08-21,50.84449768066406,51.35285026121521,50.60569250505204,51.26063800451161,104639200,-0.19491396603869005
2018-08-22,50.84684753417969,51.156585944720106,50.56075115648966,50.62222837910076,76072400,0.004621647617386593
2018-08-23,50.950889587402344,51.31973854252035,50.74045634465841,50.75227555879988,75532800,0.20461849311841362
2018-08-24,51.10930252075195,51.28426728810176,50.861037704362104,51.21333757583482,73905600,0.3109129882371553
2018-08-27,51.53017044067383,51.719324763645,51.1494986735286,51.34337923890554,82100400,0.8234663733690972
2018-08-28,51.94630813598633,52.14491855568263,51.761883659437096,51.783162574157686,91107200,0.8075612631469831
2018-08-29,52.72183609008789,52.84242381895519,51.877740027109745,52.05270479790765,109019200,1.4929414272740305
2018-08-30,53.206546783447266,53.970253487975114,52.58470312439228,52.78568028191906,195175200,0.9193736965668942
2018-08-31,53.82129669189453,54.11448247965439,53.43589505535609,53.55647918343615,173360400,1.1554027570128245
2018-09-04,53.99390411376953,54.18778470948037,53.58486039691757,54.00572693727098,109560400,0.3207046884490916
2018-09-05,53.641597747802734,54.30363609852174,53.22309798700196,54.14285726319419,133332000,-0.6524928540534103
2018-09-06,52.75021743774414,53.75509604813016,52.324621069428616,53.49027852572328,137160000,-1.66173333286872
2018-09-07,52.32462310791016,53.28694031504542,52.185123173027854,52.4546669488255,150479200,-0.8068105697123684
2018-09-10,51.62238311767578,52.45465998116174,51.18260084633692,52.24186001307081,158066000,-1.3420832268321137
2018-09-11,52.92755126953125,53.03394946430373,51.2038868045044,51.54672703557977,142996000,2.528298914213778
2018-09-12,52.270233154296875,53.19944845556792,51.97940690511045,53.185262513230725,197114800,-1.2419205110907328
2018-09-13,53.53284454345703,53.99154269031417,52.624907951969114,52.8495271742845,166825600,2.415545737921332
2018-09-14,52.92518615722656,53.63451228780782,52.613084535836826,53.376791326239925,127997200,-1.1351132027687783
2018-09-17,51.515987396240234,52.71474653653947,51.37175762273958,52.525592202926,148780400,-2.6626240988552707
2018-09-18,51.601112365722656,52.45466827869166,51.33629482628509,51.49471056093672,126286800,0.16523990664816246
2018-09-19,51.63184356689453,51.927396096554034,50.90596843011665,51.66258218448119,108495200,0.05955530755630267
2018-09-20,52.02434158325195,52.55633617131596,51.816271434307,52.07399599891171,106435200,0.7601859419350321
2018-09-21,51.4639778137207,52.33881268301883,51.37649180131732,52.20167586016159,384986800,-1.0771184266398226
2018-09-24,52.20402145385742,52.3151494694153,51.22042559146119,51.265350143429465,110773600,1.4379837540257512
2018-09-25,52.5350456237793,52.68400522996359,51.94630377783899,51.958126598742545,98217600,0.6340970689671099
2018-09-26,52.11655044555664,52.90390281763559,51.960497843994546,52.25368725227918,95938800,-0.7966019125968504
2018-09-27,53.18764114379883,53.53994111511616,52.85425697038641,52.920464066963376,120724800,2.055183409272443
2018-09-28,53.37441635131836,53.39805838572912,52.96773583814115,53.149793573596064,91717600,0.35116279553470964
2018-10-01,53.73382186889648,54.24453759019101,53.51866233378831,53.896967469406086,94403200,0.6733666466954169
2018-10-02,54.21142578125,54.381664323409666,53.584855874564354,53.73144877171672,99152800,0.8888329468147882
2018-10-03,54.87110900878906,55.202126440086474,54.32965468667187,54.393495051214735,114619200,1.2168712001801474
2018-10-04,53.90641784667969,54.93730520599613,53.60849859022037,54.566089500033,128168000,-1.7581039996017789
2018-10-05,53.03157806396485,54.00572162104816,52.15438020692258,53.89932343564714,134322000,-1.6228861379790627
2018-10-08,52.90863037109375,53.15216535637329,52.06453065114557,52.53978140728469,118655600,-0.23183864663202103
2018-10-09,53.641597747802734,53.73617671665903,52.549236814198565,52.87789106435932,107564000,1.3853455883625188
2018-10-10,51.156593322753906,53.51865029661315,51.08329687705558,53.308217052458474,167962400,-4.632607023996815
2018-10-11,50.70499420166016,51.89902721215979,50.20137511528744,50.72154687603227,212497600,-0.8827779407525105
2018-10-12,52.516143798828125,52.69820518727146,51.270093186822955,52.11655615761714,161351600,3.5719353205421855
2018-10-15,51.393035888671875,52.44993197126722,51.37175697346174,52.29151625611603,123164000,-2.138595542084165
2018-10-16,52.52559280395508,52.72420684082225,51.25117047250022,51.76424921811775,116736000,2.2037167014934855
2018-10-17,52.29861068725586,52.64145089276612,51.86119150958556,52.561061472294256,91541600,-0.43213623032566373
2018-10-18,51.076194763183594,51.95575916976636,50.36213901207219,51.51124711694205,130325200,-2.3373774331832187
2018-10-19,51.854103088378906,52.31516434368788,51.40959089976347,51.558550539101454,132314800,1.5230350044714847
2018-10-22,52.17092514038086,52.811684539021144,51.76661134631194,51.9675848788607,115168400,0.6109874303716456
2018-10-23,52.662723541259766,52.785674386526175,50.76409464590403,51.0312752497084,155071200,0.9426675865064293
2018-10-24,50.8563232421875,53.01740358672918,50.72627938398572,52.632005471465256,163702000,-3.4301307976542517
2018-10-25,51.96995544433594,52.343534259721785,51.2488065794398,51.47579250051913,119423200,2.189761530429779
2018-10-26,51.14240646362305,52.06216571984942,50.28412082995475,51.04782749681985,189033600,-1.592360381373159
2018-10-29,50.18245315551758,51.94394539631925,48.72833263934348,51.82572439213365,183742000,-1.8770202156761506
2018-10-30,50.43307876586914,50.87758726765469,49.48021780499368,49.924726306779235,146640000,0.49942877358917226
2018-10-31,51.74769592285156,52.12363783449441,51.218064547531675,51.27954177612992,153435600,2.6066565618280135
2018-11-01,52.54213333129883,52.575235061821736,51.26298144498841,51.79261274117303,233292800,1.5352131032687177
2018-11-02,49.05698776245117,50.51583454720711,48.57228091507329,49.54642446027015,365314800,-6.633049227126808
2018-11-05,47.664344787597656,48.32638314907276,46.85571353178706,48.30510423366641,264654800,-2.838826920228199
2018-11-06,48.17979049682617,48.4044096899324,47.68799067176834,47.74237132513075,127531600,1.0814073109059796
2018-11-07,49.64100646972656,49.66701523890736,48.26491564822979,48.69996814378195,133697600,3.0328400307108927
2018-11-08,49.46779251098633,49.85453521515348,49.054946674562586,49.82131798374514,101450400,-0.348933212798308
2018-11-09,48.51398468017578,48.87937427397922,47.987251640765706,48.77023347938126,137463200,-1.928139062600609
2018-11-12,46.07014083862305,47.417819511836335,45.979978204665024,47.21614107916425,204542000,-5.037400777659395
2018-11-13,45.609840393066406,46.78431147340441,45.42477239836624,45.467482346593435,187531600,-0.9991296687566154
2018-11-14,44.32148361206055,46.14369273389911,44.11505882624037,46.006077416821554,243204000,-2.824734245730254
2018-11-15,45.415279388427734,45.54814833515879,44.34520285307609,44.698732002376936,185915200,2.467868147061636
2018-11-16,45.91829299926758,46.25995813873549,44.95261796519588,45.1993741101405,147713200,1.1075867364762182
2018-11-19,44.09843444824219,45.24680559068968,43.89201336506349,45.080719453626,167701200,-3.9632539281336476
2018-11-20,41.99150466918945,43.05683460015604,41.64272195581489,42.32130559172112,271300800,-4.777788158274898
2018-11-21,41.94406509399414,42.77212832849176,41.889494691042145,42.64400210541268,124496800,-0.11297422078356822
2018-11-23,40.87872695922851,41.90135069837952,40.83364927354388,41.507486637209176,94496000,-2.5399019679620327
2018-11-26,41.43156051635742,41.50985905728153,40.39707629811021,41.34140152229291,179994000,1.3523746903378209
2018-11-27,41.341400146484375,41.467151357006,40.544182944086934,40.693658680506765,165549600,-0.21761277815603997
2018-11-28,42.93108749389648,43.01412876378861,41.50511064186913,41.93219192550799,184250000,3.8452673150386474
2018-11-29,42.601287841796875,43.37240554234032,42.16234247178632,43.33918830928703,167080000,-0.7682070763907145
2018-11-30,42.37114715576172,42.78636446319983,42.00338253080645,42.776871754458696,158126000,-0.5402200207885732
2018-12-03,43.8516845703125,43.88015544911543,42.99515063572571,43.76626831349695,163210000,3.4942113063593405
2018-12-04,41.92271041870117,43.2751317110597,41.82305870457027,42.93346662237809,165377200,-4.398859862540472
2018-12-06,41.45529556274414,41.46953100520734,40.4350466147937,40.75298356449691,172393600,-1.1149442659807662
2018-12-07,39.97711944580078,41.40072149253783,39.93203813505562,41.16345448474832,169126400,-3.5657112001676206
2018-12-10,40.2404899597168,40.35674848800182,38.75282465963804,39.1490601674904,248104000,0.6588031293077057
2018-12-11,40.01032257080078,40.7600832994724,39.62357632597543,40.729241061214445,189126800,-0.5719795885846035
2018-12-12,40.12185287475586,40.79094396093765,40.10287107949015,40.43029709170368,142510800,0.2787538234857223
2018-12-13,40.56079864501953,40.94517370109351,40.22862624634583,40.451657837058576,127594400,1.09403165310904
2018-12-14,39.262939453125,40.117102042698306,39.21548678046134,40.09812024955147,162814800,-3.1997870733590617
2018-12-17,38.897552490234375,39.943900827275144,38.61045782776475,39.255824356252,177151600,-0.9306154047046045
2018-12-18,39.40292739868164,39.74933514704061,39.00431700694578,39.23921261031191,135366000,1.2992460350150337
2018-12-19,38.17389678955078,39.730368109654314,37.74681536137408,39.38633159988153,196189200,-3.1191352781874238
2018-12-20,37.210594177246094,38.463363988754615,36.84757585802534,38.05763571529184,259092000,-2.5234589426782583
2018-12-21,35.76325988769531,37.5261558756445,35.502268316215726,37.21770799988889,382978400,-3.8895758628756605
2018-12-24,34.83790969848633,35.95781008841347,34.7809643222436,35.151100216804714,148676800,-2.5874324435602114
2018-12-26,37.291259765625,37.30549520857778,34.811819953403344,35.186702306259825,234330000,7.042185046036975
2018-12-27,37.04923629760742,37.196344282393845,35.60665629115876,36.97568411541755,212468400,-0.6490085600183271
2018-12-28,37.06822967529297,37.61157323941613,36.66962277481481,37.369559838178496,169165600,0.05126523400638128
2018-12-31,37.42649841308594,37.810869799996105,37.12753967179389,37.61393775275985,140014000,0.9665115947842695
2019-01-02,37.46920394897461,37.6898641400753,36.59368814570471,36.75028523353009,148158800,0.11410507982156926
2019-01-03,33.73698806762695,34.574540108213995,33.69190676803851,34.16169431348471,365248800,-9.96075573537717
2019-01-04,35.17720413208008,35.24601358953824,34.11899533904399,34.29219923540596,234428400,4.2689527042727216
2019-01-07,35.09890365600586,35.31244611659193,34.617251961933846,35.281600249745665,219111200,-0.2225886849342107
2019-01-08,35.76799774169922,36.02187515169098,35.23889338251769,35.485649452234306,164101200,1.9063104997550706
2019-01-09,36.37539291381836,36.66485886166989,35.50225233829682,35.89611269551247,180396400,1.6981525678498421
2019-01-10,36.49166488647461,36.53199984154206,35.79409933557466,36.18321706609208,143122800,0.319644582071521
2019-01-11,36.13338470458984,36.46793199596804,35.94831676050969,36.27337496621485,108092800,-0.9818137456851561
2019-01-14,35.590057373046875,35.891387539186205,35.404989364339656,35.791735812990616,129756800,-1.5036712889892834
2019-01-15,36.31846237182617,36.39438593118797,35.601914999486866,35.65411403047625,114843600,2.0466530613994838
2019-01-16,36.76214599609375,36.98517753374155,36.30184748144305,36.320829274052095,122278800,1.2216476009506483
2019-01-17,36.98042297363281,37.40750416153968,36.36352752216668,36.586559010318375,119284800,0.5937547213980876
2019-01-18,37.208221435546875,37.45972393547824,37.00891435712629,37.36956129572626,135004000,0.6159974483701314
2019-01-22,36.373023986816406,37.18684788366704,36.21168057896924,37.110924342637915,121576000,-2.2446583483632043
2019-01-23,36.52012634277344,36.80959229423162,35.99339345539255,36.574696724321946,92522400,0.404427072135527
2019-01-24,36.23067092895508,36.65300590810053,36.00289663164888,36.565218274806185,101766000,-0.7925914907893961
2019-01-25,37.43123626708984,37.519027508765205,36.615040923074886,36.89026785958372,134142000,3.313671282789521
2019-01-28,37.0848274230957,37.09194514242652,36.458442779137826,36.963818953658674,104768400,-0.9254539217522506
2019-01-29,36.70045471191406,37.51902868886723,36.56521441598711,37.07296560813992,166348800,-1.0364689224420132
2019-01-30,39.2083740234375,39.42191288765638,38.017292600660475,38.73383999592237,244439200,6.833482939679469
2019-01-31,39.49070739746094,40.098110143445815,39.04464442195069,39.412408878116736,162958400,0.7200843724217476
2019-02-01,39.50970077514648,40.09337555178489,39.369710497458655,39.61409883156168,130672400,0.04809581528733009
2019-02-04,40.631961822509766,40.729242132850885,39.69001181938611,39.72085767886159,125982000,2.840469619727526
2019-02-05,41.32717514038086,41.54071766852395,40.89297960268015,41.013984501008935,144406400,1.7110011101800993
2019-02-06,41.341400146484375,41.656965666225744,41.01159918712273,41.43867685735861,112958400,0.03442046560209189
2019-02-07,40.55841827392578,41.27021921626802,40.41605663729461,40.904826038437854,126966800,-1.8939413512466086
2019-02-08,40.606075286865234,40.66564643059835,40.13188767381337,40.26771162677322,95280000,0.1175021486725214
2019-02-11,40.3725471496582,40.79669696838124,40.32965767846831,40.75857057003458,83973600,-0.5751063986293992
2019-02-12,40.720458984375,40.74667043828146,40.436899701914584,40.5322157324539,89134000,0.8617534916167457
2019-02-13,40.55127716064453,41.09933254456883,40.48932446490647,40.83960316682641,89960800,-0.4154713084039252
2019-02-14,40.698997497558594,40.80860634266763,40.36063390919888,40.43926823856838,87342800,0.3642803562730279
2019-02-15,40.60845947265625,40.91346345759115,40.44880923334926,40.80623611906368,98507200,-0.22245762910443334
2019-02-19,40.72998809814453,40.851515580587275,40.38686130166285,40.43928420861173,75891200,0.2992692337174585
2019-02-20,40.99211502075195,41.29950430765785,40.744300542414024,40.79195675333257,104457600,0.6435723034727836
2019-02-21,40.76095962524414,41.07311184292857,40.57986465359283,40.93729152317362,68998800,-0.5639020952951324
2019-02-22,41.21609115600586,41.223239403756,40.83721948150898,40.884875678488214,75652800,1.1165868884005503
2019-02-25,41.51631546020508,41.907101970477754,41.44959607815367,41.49963743265904,87493600,0.7284152761183771
2019-02-26,41.54014587402344,41.77128217748678,41.26373492448921,41.39241061710472,68280800,0.057400117409756035
2019-02-27,41.6688232421875,41.69980140101289,41.158894387635335,41.273273603636405,111341600,0.3097662886266672
2019-02-28,41.25897979736328,41.678363048433425,41.2041753537565,41.53777599764727,112861600,-0.9835733599725782
2019-03-01,41.69264602661133,41.73553549832862,41.197013749810466,41.52822911316134,103544800,1.0510832584274432
2019-03-04,41.902347564697266,42.35508684168328,41.45437136174755,41.86422115680062,109744800,0.502970087223753
2019-03-05,41.82609558105469,41.938089634020294,41.59019251792692,41.9237931397582,78949600,-0.1819754454684075
2019-03-06,41.58543014526367,41.81656650222476,41.44722463850816,41.621171381521776,83241600,-0.5753954139100292
2019-03-07,41.10409927368164,41.56637204436424,40.98972366767753,41.4305480580372,99185600,-1.1574507463327333
2019-03-08,41.201786041259766,41.239912445241174,40.389234781584264,40.58462987503848,95997600,0.23765699602782409
2019-03-11,42.629119873046875,42.68154278377652,41.78321232504616,41.8165720286073,128044000,3.4642523272116588
2019-03-12,43.108062744140625,43.52744228144765,42.74110246755472,42.89122291124296,129870400,1.123511047190462
2019-03-13,43.29869079589844,43.67756238941142,43.11044394955633,43.42736286383217,124130000,0.44220973902084904
2019-03-14,43.780029296875,43.86819707283481,43.50123674636694,43.82053724326323,94318000,1.111669872988763
2019-03-15,44.34954071044922,44.637866755067805,43.78242567987652,44.04692180360796,156171600,1.3008474930711555
2019-03-18,44.80227279663086,44.89043693766361,44.2708955054987,44.27328067856524,104879200,1.0208270005262365
2019-03-19,44.44722366333008,45.03340534638429,44.30186992001534,44.88090335634377,126585600,-0.7924801826738603
2019-03-20,44.83563995361328,45.15255896973903,44.01832172551314,44.37574869522766,124140800,0.8738820071761966
2019-03-21,46.48694610595703,46.782420346635014,45.228803590706896,45.27884496121636,204136800,3.6830212617734004
2019-03-22,45.52426528930664,47.10647460051664,45.459927440929704,46.546504437841726,169630800,-2.070862677139873
2019-03-25,44.97382736206055,45.74586697854144,44.46389856952138,45.63387294895227,175381200,-1.2091088647956494
2019-03-26,44.50917434692383,45.96033017793337,43.98256747013785,45.66962270436676,199202000,-1.0331631581987466
2019-03-27,44.90950393676758,45.21688950575341,44.451997889288634,44.97622334144566,119393600,0.8994316244183898
2019-03-28,44.96905899047851,45.169217132837865,44.68549980416933,45.02386341699591,83121600,0.13261124815535652
2019-03-29,45.262168884277344,45.293147052512026,44.92618665259963,45.23357588955932,94256000,0.6518034852828425
2019-04-01,45.56953811645508,45.6743802630411,44.888044166010914,45.66485048096369,111448000,0.6790863976571471
2019-04-02,46.23197937011719,46.33682517645646,45.52427381326158,45.533803597504026,91062800,1.4536931490707783
2019-04-03,46.54889297485352,46.82291878051856,46.024664003423624,46.04849391519191,93087200,0.6854856942187793
2019-04-04,46.629913330078125,46.79194511065547,46.02228688104425,46.41545501139502,76457200,0.17405431159958074
2019-04-05,46.94206237792969,46.965892290363215,46.68709613144077,46.811005131413616,74106400,0.6694180313867593
2019-04-08,47.68075180053711,47.71172632732698,46.78479934209682,46.80386254716306,103526800,1.5736194474376575
2019-04-09,47.53777694702149,48.33603179875124,47.473439087978925,47.73317206117505,143072800,-0.29985863921300204
2019-04-10,47.804664611816406,47.833261241829014,47.22324949267385,47.342391815910105,86781200,0.5614222665320412
2019-04-11,47.40671920776367,47.89520335222447,47.28519537386603,47.85946211752939,83603200,-0.8324405312413186
2019-04-12,47.387657165527344,47.690279625122976,46.753822893813584,47.46629151971839,111042800,-0.040209579053107625
2019-04-15,47.47343444824219,47.62117335589848,47.182726978383926,47.31855093020654,70146400,0.18101186647658807
2019-04-16,47.47821044921875,47.98337267920693,47.31379347996625,47.528251819139626,102785600,0.010060365406605598
2019-04-17,48.40274810791016,48.462319253167394,47.325700783597725,47.54730369870625,115627200,1.9472883454195733
2019-04-18,48.576698303222656,48.64579923684503,48.25739781446443,48.40036639173176,96783200,0.3593808246686425
2019-04-22,48.7363395690918,48.834037108916725,48.21449581375746,48.331256554226314,77758000,0.3286375390781693
2019-04-23,49.43928527832031,49.50362313511346,48.58622601734535,48.71251655805477,93292000,1.4423440813234878
2019-04-24,49.363040924072266,49.67757472014003,49.3368294714054,49.41069711912076,70162400,-0.15421815630793922
2019-04-25,48.915061950683594,49.50600673522847,48.8769355424073,49.28440380449955,74172800,-0.9075189959989127
2019-04-26,48.681549072265625,48.84834758072015,48.16208670486749,48.82451766411174,74596400,-0.4773844069816291
2019-04-29,48.75541305541992,49.079480262865886,48.576699602106366,48.70537168868094,88818800,0.15172890871786304
2019-04-30,47.81657028198242,48.46708622241454,47.44484688744978,48.38607033097731,186139600,-1.9256175152701949
2019-05-01,50.16366195678711,51.30504329397284,49.85627286665069,50.01115999790759,259309200,4.908532044359282
2019-05-02,49.83721923828125,50.671215281428715,49.594171580722325,50.00163618282265,127985200,-0.6507553591025061
2019-05-03,50.456748962402344,50.47819369736566,50.094555460643946,50.25182412224168,83569600,1.2431065247822115
2019-05-06,49.67756271362305,49.76334529835149,48.49090665482442,48.6791498523468,129772400,-1.544265662775668
2019-05-07,48.33841323852539,49.42499041337888,47.854695800035216,49.05803373574075,155054800,-2.695682722635706
2019-05-08,48.34794235229492,48.92935733960514,48.073916525359294,48.109657759852,105358000,0.01971333589811941
2019-05-09,47.8284797668457,48.057230920723306,46.8610449825507,47.75222695826382,139634400,-1.0744254257276764
2019-05-10,47.165889739990234,47.56536064029775,46.11101077401089,47.223299584031466,164834800,-1.385346199765214
2019-05-13,44.42464065551758,45.32403977104099,43.73813138927743,44.90065443085275,229722400,-5.811931248587154
2019-05-14,45.12788391113281,45.376652571018006,44.35047683033014,44.589679009038655,146118800,1.5830026877840186
2019-05-15,45.66848373413086,45.86702199876712,44.49639441030362,44.55619496049758,106178800,1.1979285890351354
2019-05-16,45.467567443847656,46.03926071716833,45.17095531817391,45.426903496365576,132125600,-0.43994517412244694
2019-05-17,45.20922088623047,45.66370365738736,44.673406583972145,44.7140705245547,131516400,-0.568199646783929
2019-05-20,43.7955322265625,44.09692935038118,43.12337459318291,43.89839107594167,154449200,-3.126991865720341
2019-05-21,44.6351432800293,44.97002498483525,44.180656795007685,44.30504299247997,113459200,1.917115766794053
2019-05-22,43.72138977050781,44.422254305979834,43.66637427145734,44.17109119736444,118994400,-2.047161591459068
2019-05-23,42.97507858276367,43.18557408801563,42.53255294513371,43.00856675291308,146118800,-1.7069704134784036
2019-05-24,42.81001663208008,43.56828714339811,42.72629440483175,43.10423430651815,94858800,-0.38408760641521766
2019-05-28,42.632999420166016,43.19751665668393,42.55645662789228,42.7980494924858,111792800,-0.4134948449924569
2019-05-29,42.4296875,42.900916127061286,42.09958729527348,42.20005178150852,113924800,-0.4768886142921591
2019-05-30,42.649757385253906,42.87221370220988,42.259856591093225,42.56603514665155,84873600,0.5186695877831049
2019-05-31,41.87713623046875,42.575606305283934,41.8579996140433,42.15460804379681,108174400,-1.8115487687446752
2019-06-03,41.45375061035156,42.558863836181885,40.72896808562691,42.0039165147465,161584400,-1.0110185610283984
2019-06-04,42.97029495239258,43.0157439669586,41.74558051747907,41.96564616438153,123872000,3.6584007953729403
2019-06-05,43.66396713256836,44.25001543111583,43.32908551905767,44.080180266448075,119093600,1.614306303794999
2019-06-06,44.30503845214844,44.36483901115955,43.57068583552247,43.79314581301077,90105200,1.4681930243161778
2019-06-07,45.48430633544922,45.90769533953983,44.43660296337536,44.61361029225214,122737600,2.6617015231223506
2019-06-10,46.0655632019043,46.73293577866847,45.835927468539325,45.881376473575656,104883600,1.2779283961555477
2019-06-11,46.598976135253906,46.8836273136479,46.309543541210125,46.61093697424961,107731600,1.1579429323628876
2019-06-12,46.450679779052734,46.87645943951271,46.25931727268128,46.39326993216043,73012800,-0.318239516187524
2019-06-13,46.44110870361328,47.072602406865755,46.30955040496847,46.57267065219424,86698400,-0.020604812426816554
2019-06-14,46.10383224487305,46.30715192007323,45.520178306772145,45.81918104965697,75046000,-0.7262454927437823
2019-06-17,46.3789176940918,46.63486581817367,45.96748958898146,46.14210618535647,58676400,0.5966650402458473
2019-06-18,47.46967315673828,47.909804303689334,46.69466040883223,46.89558936940522,106204000,2.3518346629840314
2019-06-19,47.33095169067383,47.81175058622258,47.196999004330465,47.76390721258255,84496800,-0.29223176996904243
2019-06-20,47.71126556396485,47.98634659447345,47.36920456913727,47.92893676074379,86056000,0.8035204442465416
2019-06-21,47.54861831665039,48.04376867773491,47.397919745896615,47.55340338316507,191202400,-0.3408990421694069
2019-06-24,47.50077438354492,47.87871430604713,47.402700603352024,47.491204251365325,72881600,-0.10062107964284861
2019-06-25,46.78077697753906,47.66343004792434,46.713797002206945,47.464891779808674,84281200,-1.5157593015057813
2019-06-26,47.7926025390625,48.07725375444767,47.20655785147097,47.30702234220642,104270000,2.162908841828881
2019-06-27,47.77825164794922,48.21599213856582,47.737587709468265,47.90980994600214,83598800,-0.030027431759027667
2019-06-28,47.3428955078125,47.72083539403826,47.134790777081065,47.52468785247962,124442400,-0.9112014883772002
2019-07-01,48.21119689941406,48.91445184578584,47.99591276178485,48.59870323723714,109012000,1.8340690451818187
2019-07-02,48.49346923828125,48.58915232452939,48.16576333648064,48.17772417850372,67740800,0.5854912489646535
2019-07-03,48.89532852172851,48.90250429660593,48.483900395720205,48.62502883489124,45448000,0.8286874289662682
2019-07-05,48.852272033691406,49.055595395919944,48.534132619231094,48.641776546255905,69062000,-0.08805849012338829
2019-07-08,47.84523010253906,48.17532669133114,47.46011437400138,48.0341982544595,101354400,-2.0614024470710923
2019-07-09,48.137062072753906,48.201644052257606,47.55579870766386,47.64908743910589,82312000,0.6099499774364192
2019-07-10,48.613067626953125,48.73266874059022,48.21360034539757,48.28297103527144,71588400,0.9888546032987833
2019-07-11,48.25905990600586,48.890553778109265,48.24949342079485,48.63221487816645,80767200,-0.7282151450796137
2019-07-12,48.62981414794922,48.79725497916496,48.36669023465564,48.42649079222815,70380800,0.7682583180556701
2019-07-15,49.08669662475586,49.244567339973045,48.797260288640274,48.81878761572397,67789600,0.9395110485445057
2019-07-16,48.9168586730957,49.30197443016253,48.67765643019547,48.938385998971945,67467200,-0.3459958875588698
2019-07-17,48.64177322387695,49.05798275351496,48.62263660815599,48.80921404901501,56430000,-0.5623530551238098
2019-07-18,49.194332122802734,49.246956906066245,48.725494140074105,48.797255539973115,74162400,1.135976059882915
2019-07-19,48.45997619628906,49.39525773939744,48.40496070844038,49.2254225596,83717200,-1.4927653142652986
2019-07-22,49.567474365234375,49.56986507297719,48.70395437846678,48.71352085937351,89111600,2.2853873564843363
2019-07-23,49.95499420166016,49.971740110187,49.58423000504602,49.86409983373424,73420800,0.7818026667454792
2019-07-24,49.91432571411133,50.02914175520972,49.55552239198474,49.67512349936027,59966400,-0.08141025376694477
2019-07-25,49.51964569091797,50.050674922943,49.450275001634395,49.9669526841349,55638400,-0.7907149251177414
2019-07-26,49.691871643066406,50.1678817358878,49.54834884778114,49.62967672847252,70475600,0.3477931833830272
2019-07-29,50.155914306640625,50.38555001894711,49.85930592191719,49.8640909877812,86693600,0.9338401799541929
2019-07-30,49.94064712524414,50.27074740921103,49.58901951404553,49.9358620581026,135742800,-0.4291960068365963
2019-07-31,50.95963287353515,52.95218755117396,50.54342339953186,51.768137442475606,277125600,2.0403935610516566
2019-08-01,49.85692596435547,52.15326915093734,49.45267720551432,51.1653626359901,216071600,-2.16388315024999
2019-08-02,48.80203628540039,49.3785108420285,48.230343145055464,49.163230311330075,163448400,-2.115833775450293
2019-08-05,46.24736404418945,47.517527460024354,46.06557164067767,47.3596567424727,209572000,-5.234765668938268
2019-08-06,47.122840881347656,47.3787890279519,46.4148006509655,46.957790753154114,143299200,1.8930307818661563
2019-08-07,47.610809326171875,47.735195505332065,46.36217706782614,46.742507730135785,133457600,1.0355242504434203
2019-08-08,48.6609001159668,48.68482179511622,47.6945248672639,47.88827805859261,108038000,2.2055722317193993
2019-08-09,48.25991439819336,48.68490825834056,47.8517227401758,48.33434822690377,98478800,-0.824040896937428
2019-08-12,48.13746643066406,48.51444257030938,47.81811826695935,47.93097076329877,89927600,-0.2537260354814941
2019-08-13,50.17600631713867,50.9371579045492,48.13746218750722,48.26712420599327,188874000,4.234830034960124
2019-08-14,48.682518005371094,49.56852841372435,48.644099355992225,48.780964420477915,146189600,-2.976498971097752
2019-08-15,48.44001007080078,49.256386268391125,47.94297838198592,48.85300141700887,108909600,-0.49814172418846114
2019-08-16,49.58293151855469,49.74140568988817,48.944235250189195,49.04988469774485,110481600,2.359457494090922
2019-08-19,50.507354736328125,51.07881647496091,50.43051745097723,50.5721820740641,97654400,1.8643980689756257
2019-08-20,50.509765625,51.22769905454453,50.50016279412302,50.634624409226056,107537200,0.0047733417924300525
2019-08-21,51.05721664428711,51.29972750063154,50.807502749106995,51.14125698244228,86141600,1.0838518304589817
2019-08-22,51.01399993896485,51.489418835377954,50.6034083940143,51.18927999555581,89014800,-0.08464367657043947
2019-08-23,48.65610885620117,50.91555498677708,48.26232683356407,50.2864614690024,187272000,-4.622047056856459
2019-08-26,49.58053207397461,49.748609076351144,49.23717136701609,49.42926093993379,104174400,1.899911931933329
2019-08-27,49.02107620239258,50.075163637483826,48.869805058122104,49.909486415436,103493200,-1.1283781116897207
2019-08-28,49.35002899169922,49.395650682194926,48.819385567248915,49.00667191279658,63755200,0.6710435893910072
2019-08-29,50.18560791015625,50.26004541127674,49.621349155907794,50.06315259687426,83962000,1.6931680396734539
2019-08-30,50.120792388916016,50.531380318643734,49.75101924277267,50.461749711640046,84573600,-0.12915161126725305
2019-09-03,49.39085006713867,49.698191966663735,49.035486682776146,49.56613013550739,80092000,-1.456366284302335
2019-09-04,50.22883224487305,50.29846283883695,49.77982574387522,50.036742667870506,76752400,1.6966344507034714
2019-09-05,51.21088790893555,51.3765651308316,50.7858902958723,50.90354603728645,95654800,1.9551632402577734
2019-09-06,51.206085205078125,51.4846149241543,51.02600190350711,51.39577500112992,77449200,-0.009378286636940736
2019-09-09,51.42458724975586,51.96964040269282,50.680245133535024,51.58546122645976,109237600,0.4267110906890137
2019-09-10,52.03205871582031,52.05126803759896,50.83390703828068,51.350144279794115,127111600,1.1812860317460983
2019-09-11,53.686431884765625,53.71524770381324,52.27938090410862,52.36102145030546,177158400,3.1795266414132994
2019-09-12,53.56637191772461,54.365942133767874,53.511147403478866,53.97696341496987,128906800,-0.2236318615822963
2019-09-13,52.524288177490234,53.01411307002046,52.108897118568684,52.824426967075894,159053200,-1.94540661039162
2019-09-16,52.80042266845703,52.855650852329696,52.23856364566221,52.27938208778277,84632400,0.5257272407646507
2019-09-17,52.99250411987305,53.021319935148554,52.61312824901063,52.8148243007248,73274800,0.3637877155304725
2019-09-18,53.48954772949219,53.50875705605579,52.68997737232846,53.07895615977941,101360000,0.9379507873317205
2019-09-19,53.054935455322266,53.72724341657254,52.91326716138404,53.30704910888931,88242400,-0.812518132267348
2019-09-20,52.27938461303711,53.439121573319625,52.21695705097918,53.155792256513266,221652400,-1.4617883060818126
2019-09-23,52.5171012878418,52.78602455358315,52.26018064633163,52.57232581624124,76662000,0.4547044242471987
2019-09-24,52.26737976074219,53.42231716904428,52.1497276727192,53.07175336927151,124763200,-0.47550516113009644
2019-09-25,53.071754455566406,53.18460696208919,52.1377224527618,52.47627997233017,87613600,1.5389612000951791
2019-09-26,52.79802322387695,53.050140581036125,52.54350607497872,52.82443558822323,75334000,-0.5157757351297532
2019-09-27,52.54109954833984,53.05493702755311,52.17132649489073,52.95408716657338,101408000,-0.48661608872683226
2019-09-30,53.777679443359375,53.924147350243985,53.01412429579234,53.04053666142086,103909600,2.353547804765377
2019-10-01,53.92654037475586,54.798144667313224,53.832897210879736,54.04179631783716,139223200,0.27680802321206066
2019-10-02,52.5747184753418,53.68403038252034,52.3274007167669,53.55917160743665,138449200,-2.506784025119624
2019-10-03,53.021331787109375,53.05494719260859,51.6550991210978,52.44746277412271,114426000,0.8494830304741408
2019-10-04,54.507598876953125,54.622854799302026,53.75845370070148,54.17864796678167,138478800,2.8031492981190897
2019-10-07,54.51961898803711,55.20873658677315,54.22668318942507,54.3299328547412,122306000,0.02205217498412182
2019-10-08,53.88091278076172,54.75972001542837,53.86410691411583,54.22187366190399,111820000,-1.1715162708960558
2019-10-09,54.51240158081055,54.69488462700976,54.17864742790999,54.51240158081055,74770400,1.1720083559428884
2019-10-10,55.24715423583984,55.33119457436902,54.57724597451074,54.728513454537506,113013600,1.3478633003172202
2019-10-11,56.71663665771485,57.059993724351415,55.78020129962542,55.93387223570824,166795600,2.659833691346458
2019-10-14,56.6349983215332,57.17765169810714,56.34686576310509,56.40209028471779,96427600,-0.14394072179267914
2019-10-15,56.50294876098633,57.062404429050815,56.397299285260985,56.759865746223106,87360000,-0.23315893786592934
2019-10-16,56.27482986450195,56.48372898515924,55.99390035444989,56.03471879637498,73903200,-0.40372918845235084
2019-10-17,56.49333190917969,56.70222736637808,56.070737747547255,56.447710219951496,67585200,0.38827668640464275
2019-10-18,56.76465606689453,57.04558556492881,56.255618132854494,56.327652182971896,97433600,0.48027643005910114
2019-10-21,57.74910354614258,57.8643594805564,56.98315242424609,57.03117389835004,87247200,1.734261329951381
2019-10-22,57.6170539855957,58.1549004377134,57.535413437281406,57.905186536916496,82293600,-0.2286607972041721
2019-10-23,58.39020538330078,58.40461512439032,57.91958976088768,58.130888664552984,75828800,1.3418794336454098
2019-10-24,58.48625183105469,58.7791876143368,58.06125423337426,58.70955335592496,69275200,0.16449068319490667
2019-10-25,59.20658493041992,59.24260012348222,58.31817475144487,58.38540555436381,73477200,1.2316280780755307
2019-10-28,59.799659729003906,59.84768120784419,59.24020052419486,59.40827753203784,96572800,1.0017041166636709
2019-10-29,58.416622161865234,59.96774132739238,58.24374555756727,59.78045498091568,142839600,-2.3127850114970983
2019-10-30,58.40940856933594,58.89923712839204,57.91718388272271,58.76957511884041,124522000,-0.012348527289562927
2019-10-31,59.73002624511719,59.82847265948915,56.96874904224295,59.365060070154456,139162000,2.260967382016177
2019-11-01,61.42520904541016,61.45161774300314,59.82606861277858,59.91730831812791,151125200,2.838074762157916
2019-11-04,61.82859802246094,61.91263835908104,61.31956374708165,61.78777591806556,103272000,0.6567156763806148
2019-11-05,61.73976135253906,61.99427850362642,61.5452719696819,61.72054836324468,79897600,-0.14368216773992248
2019-11-06,61.76616668701172,61.826194451970366,61.31716017753835,61.65331419578515,75864400,0.042768766665424174
2019-11-07,62.47903060913086,62.70059923548496,62.161130673338896,62.31285597676723,94940400,1.154133339262331
2019-11-08,62.650020599365234,62.72226723714008,61.85768150693457,62.30081136770355,69986400,0.2736758054139532
2019-11-11,63.14612579345703,63.21114775923297,62.20206153146034,62.20687552350094,81821200,0.7918675673936226
2019-11-12,63.08834457397461,63.28823923680265,62.83788460192321,62.989602578419984,87388800,-0.09150398184587516
2019-11-13,63.69282531738281,63.76748263298455,62.8739981675004,62.88844749635185,102734400,0.9581496352300212
2019-11-14,63.25209045410156,63.79155153017044,63.12203917697569,63.519410321387355,89182800,-0.6919694032806012
2019-11-15,64.00350189208984,64.00831588526924,63.341214024330995,63.50256731633181,100206400,1.1879630105404049
2019-11-18,64.32620239257812,64.40567368628587,63.635016010866224,64.01311651070851,86703200,0.5041919441101106
2019-11-19,64.13114166259766,64.54296223689062,63.91439437873861,64.51887757210454,76167200,-0.30323681909594224
2019-11-20,63.38455581665039,64.08055626785473,62.71263267859767,63.95051231825009,106234400,-1.1641549278432528
2019-11-21,63.10039520263672,63.58205920668818,62.900500525174074,63.50499120213368,121395200,-0.4483120696398779
2019-11-22,63.04496765136719,63.38213080488367,62.8185851019478,63.24004088124478,65325200,-0.0878402600990591
2019-11-25,64.15040588378906,64.1672658843364,63.22320139858819,63.26896005744073,84020400,1.7534123239381305
2019-11-26,63.64948654174805,64.34067315372796,63.218395236341195,64.28768982373602,105207600,-0.7808513993636357
2019-11-27,64.50443267822266,64.53815268116317,63.89512810024147,63.9601500849875,65235600,1.3432097930811127
2019-11-29,64.36234283447266,64.54296680875088,64.0372182108502,64.20580352668654,46617600,-0.2202791929956316
2019-12-02,63.618160247802734,64.60316190902952,63.4471716441627,64.36714398387619,94487200,-1.156239120418312
2019-12-03,62.48385238647461,62.503115708653056,61.722822542288654,62.20930043557878,114430400,-1.7829938132599477
2019-12-04,63.03534698486328,63.41345487874028,62.78006572711878,62.873993707598274,67181600,0.8826193925713266
2019-12-05,63.96014022827149,64.03480488761794,63.2737751129012,63.52905636870785,74424400,1.4671026458064507
2019-12-06,65.19560241699219,65.26544572676671,64.37436474563619,64.41772007388622,106075600,1.9316126955184476
2019-12-09,64.28286743164062,65.21728922547906,63.79879285948436,65.02462660501106,128042400,-1.3999947105537758
2019-12-10,64.65858459472656,65.04150663179412,64.02759851675567,64.6874832617339,90420400,0.5844748034699698
2019-12-11,65.2100601196289,65.28953877362453,64.66337427533851,64.73803158690569,78756800,0.8529037997953903
2019-12-12,65.37623596191406,65.64115256416365,64.3791955584024,64.48997619221315,137310400,0.25483160417318906
2019-12-13,66.2649154663086,66.3010387920999,65.24860425293159,65.37624490379989,133587600,1.35933109534212
2019-12-16,67.39922332763672,67.62320261796066,66.70563351279964,66.71044750574998,128186000,1.7117774214996828
2019-12-17,67.53170013427734,67.85922811740664,67.143956803204,67.32940214182528,114158400,0.1965553905519668
2019-12-18,67.37033081054688,67.89052873128885,67.22101616979477,67.38478014032236,116028400,-0.2389534446928021
2019-12-19,67.43775939941406,67.71712534090744,67.1800748008847,67.31252943237541,98369200,0.10008647435144624
2019-12-20,67.29806518554688,68.0711335089849,67.08613194245461,67.9699882290766,275978000,-0.20714539615680483
2019-12-23,68.39627075195312,68.45647873677,67.52204963647512,67.5605836287108,98572000,1.631853105105474
2019-12-24,68.46128845214844,68.61061041883474,68.13617123413715,68.56244109414793,48478800,0.0950603000434036
2019-12-26,69.81959533691406,69.83645533824492,68.5648628664668,68.59376152611499,93121200,1.9840510096666097
2019-12-27,69.79308319091797,70.7973554694835,69.38848735406549,70.11098306970483,146266000,-0.03797235699828372
2019-12-30,70.20732879638672,70.48910541724575,68.69009042144484,69.7112155576161,144114400,0.593533895523124
2019-12-31,70.72030639648438,70.72753106158736,69.72566918619233,69.82441117567208,100805600,0.7306610419339332
2020-01-02,72.33385467529297,72.39406264366768,71.09116132608638,71.34403185341793,135480400,2.2815911879148887
2020-01-03,71.6306381225586,72.38925722098051,71.40666619485818,71.56320547713457,146322800,-0.9721817755891982
2020-01-06,72.20140075683594,72.23993474282962,70.50353879987532,70.7540060340311,118387200,0.7968135552566036
2020-01-07,71.86183166503906,72.46631471524569,71.64267376172208,72.21103349810856,108872000,-0.47030817717858
2020-01-08,73.01783752441406,73.31887745373415,71.56562119935828,71.56562119935828,132079200,1.6086507017568863
2020-01-09,74.56877899169922,74.76144156312063,73.74272737606113,73.99318724898775,170108400,2.124058339534618
2020-01-10,74.73738098144531,75.3009342510977,74.23645372460896,74.80241031619431,140644800,0.22610265586466838
2020-01-13,76.33409118652344,76.36058652225458,74.93485817482635,75.05287082554342,121532000,2.136427827828924
2020-01-14,75.30333709716797,76.48100893453174,75.18051779267843,76.27148630079421,161954400,-1.350319461899152
2020-01-15,74.98062133789062,75.98248317068368,74.54953007278792,75.10344798902688,121923600,-0.4285543930953928
2020-01-16,75.91984558105469,76.03063354644571,75.16122656820497,75.52247441714353,108829200,1.2526226462322487
2020-01-17,76.76036834716797,76.76277166888072,75.86206254796348,76.16791647174253,137816400,1.1071186455666737
2020-01-21,76.24018859863281,76.83022259346987,76.10291259365572,76.38950326386008,110843200,-0.6776670822924102
2020-01-22,76.5123291015625,77.06382908812623,76.41840109404252,76.72425508723063,101832400,0.3569515080325658
2020-01-23,76.88078308105469,76.96025438766408,76.01860061750638,76.56529382668359,104472000,0.481561578138745
2020-01-24,76.65919494628906,77.86816833505755,76.4689357036674,77.1264093803084,146537600,-0.28822304597496684
2020-01-27,74.40502166748047,75.08416206919466,73.42483402812097,74.67234156024762,161940000,-2.9405125900265117
2020-01-28,76.50989532470703,76.68088393464757,75.18531972883665,75.28406170066347,162234000,2.8289403188851203
2020-01-29,78.1114273071289,78.95674973344263,77.39856685210137,78.13792264122904,216229200,2.0932350980549463
2020-01-30,77.99823760986328,78.05122092954578,76.76517927864235,77.19627050016777,126743200,-0.14490798743258537
2020-01-31,74.53988647460938,77.71163859900423,74.24607125177067,77.29018275843434,199588400,-4.433883689208617
2020-02-03,74.33518981933594,75.4984048922783,72.78423148900761,73.28515870612867,173788400,-0.2746135860337895
2020-02-04,76.78926086425781,76.9795201431656,75.53211792000401,75.93671379066781,136616400,3.301358415692812
2020-02-05,77.41543579101562,78.21258898353346,76.81335589638837,77.91395235806485,118826800,0.815445961727268
2020-02-06,78.32095336914062,78.3233640404218,77.12883967256218,77.68516086755363,105425600,1.1696860824622402
2020-02-07,77.25635528564453,78.06988383321008,76.76630651671353,77.82123854389138,117684000,-1.3592762060472552
2020-02-10,77.623291015625,77.623291015625,75.7644885208781,75.8441484328751,109348800,0.4749586343075318
2020-02-11,77.15496826171875,78.19059132825674,76.93770658748598,78.11817322586252,94323200,-0.6033276195568371
2020-02-12,78.98722839355469,78.9920538114317,77.60398368209574,77.60398368209574,113730400,2.374779191951304
2020-02-13,78.42473602294922,78.75063214721084,78.05780543857192,78.26058344838953,94747600,-0.7121307862618553
2020-02-14,78.44408416748047,78.69272952184373,77.93713525426901,78.39338411922328,80113600,0.024670971829077182
2020-02-18,77.0077133178711,77.1887659353896,75.94794846047884,76.12900107799734,152531200,-1.831076065012982
2020-02-19,78.12299346923828,78.3523297233802,77.24911404532844,77.24911404532844,93984000,1.4482707034340292
2020-02-20,77.32152557373047,78.37163210197758,76.81699322453267,77.88399976313329,100566000,-1.025905255183801
2020-02-21,75.57137298583984,77.35776502195542,74.95579692410486,76.91599243144344,129554000,-2.263473948430772
2020-02-24,71.981689453125,73.43011036441114,69.82113268068633,71.75960237227564,222195200,-4.750057317851642
2020-02-25,69.54354095458984,73.03182567603444,69.07280838793456,72.65041125636773,230673600,-3.387178763181009
2020-02-26,70.64674377441406,71.90928692764982,69.16211349223191,69.16935530367469,198054800,1.5863483577067017
2020-02-27,66.02869415283203,69.04141300899963,65.89350875868202,67.85853712666133,320605600,-6.536818790018373
2020-02-28,65.99005126953125,67.20914325476264,61.88860853206062,62.10346116385855,426510000,-0.05852437913028696
2020-03-02,72.1337890625,72.7686815326321,67.0425894386722,68.14338895911868,341397200,9.310097014283446
2020-03-03,69.8428726196289,73.38667475068135,68.99312746023453,73.30701482551375,319475600,-3.1759269444256444
2020-03-04,73.0824966430664,73.24182384454771,70.76261243598904,71.56165746891385,219178400,4.638446131906404
2020-03-05,70.7119140625,72.31241302487865,70.34739243241086,71.33955724756618,187572800,-3.243707713139976
2020-03-06,69.77285766601562,70.2049720207652,67.88991319528947,68.07579124975517,226176800,-1.3280030797276576
2020-03-09,64.25435638427734,67.13188124194363,63.48910424371685,63.67015682235863,286744800,-7.909237870339069
2020-03-10,68.882080078125,69.14762542571471,65.0268655374001,66.90257561810807,285290000,7.202194456934952
2020-03-11,66.48975372314453,67.88748182990133,65.62794159632746,66.96290981260235,255598800,-3.473075075937204
2020-03-12,59.923587799072266,65.17894285229022,59.86806602728879,61.78481034349421,418474000,-9.875455324158677
2020-03-13,67.1029281616211,67.57366791219874,61.06301183278901,63.94537376560975,370732000,11.980825291405495
2020-03-16,58.47034454345703,62.5428168089279,57.93684117686896,58.40757727472599,322423600,-12.864689894563186
2020-03-17,61.041290283203125,62.1879532458274,57.55059398806874,59.74978006097213,324056000,4.397008021451421
2020-03-18,59.54701232910156,60.35088658037525,57.241607725026064,57.88132933289352,300233600,-2.447978978112697
2020-03-19,59.09074783325195,61.03645943406339,58.566902685612334,59.72081110917334,271857200,-0.7662256727977379
2020-03-20,55.33934020996094,60.79264444451166,55.03999854094989,59.67011594836406,401693200,-6.348553302925031
2020-03-23,54.16370391845703,55.16070158535809,51.32479999006741,55.05931255400759,336752800,-2.1244132782275105
2020-03-24,59.597694396972656,59.79323063321941,56.56083807077307,57.05812866753022,287531200,10.032531170129078
2020-03-25,59.269386291503906,62.34245170831376,58.97487373705756,60.53192552123785,303602000,-0.5508738362963062
2020-03-26,62.38833236694336,62.446266859922645,59.47217711965345,59.51080257065681,252087200,5.262322204754377
2020-03-27,59.805301666259766,61.767909526223264,59.638732669554486,61.01473181958192,204216800,-4.14024642539127
2020-03-30,61.51202392578125,61.683422027854625,60.206030134757754,60.52951361729587,167976400,2.8537975931394177
2020-03-31,61.38648986816406,63.365997685508034,60.83367751467448,61.702731524008335,197002000,-0.20408051890579149
2020-04-01,58.15651321411133,60.04187380235648,57.726815314664734,59.505957782413006,176218400,-5.261706054523652
2020-04-02,59.126956939697266,59.18006600388776,57.188487147319506,58.018915768998035,165934000,1.6686759091163461
2020-04-03,58.277225494384766,59.31284498948773,57.68820030765842,58.61277624472143,129880000,-1.437130353552829
2020-04-06,63.36119842529297,63.515692886815536,60.201226422801035,60.56815721508821,201820400,8.723773116820844
2020-04-07,62.6273193359375,65.5893455207901,62.52351758063344,65.3720764386448,202887200,-1.1582468570583648
2020-04-08,64.23021697998047,64.54403851459621,63.06182517929843,63.42633937506472,168895200,2.559422407088685
2020-04-09,64.69374084472656,65.19586439958498,63.89952839783749,64.86514268497035,161834800,0.7216601259350641
2020-04-13,65.96351623535156,66.07215077341053,64.17229875609489,64.77098217772529,131022800,1.9627484421910646
2020-04-14,69.29488372802734,69.58457092501276,67.12225185179103,67.59299170512948,194994800,5.050318240752638
2020-04-15,68.66240692138672,69.12107217268907,67.74507641878203,68.17235803124424,131154400,-0.9127323297388079
2020-04-16,69.20796966552734,69.57249130619873,68.16027936470277,69.37453866907585,157125200,0.7945581412041935
2020-04-17,68.26890563964844,69.27073604048029,66.83496828577375,68.72516178272222,215250000,-1.3568726700368128
2020-04-20,66.85188293457031,67.99854979022932,66.83257389218826,67.09811926901436,130015200,-2.075648777142791
2020-04-21,64.78547668457031,66.92914162387588,64.0757495798799,66.69497985985144,180991600,-3.0910217622777347
2020-04-22,66.65149688720703,67.08602016909022,65.71002486509416,66.05039726124157,116862400,2.8803063558859865
2020-04-23,66.39321899414062,68.01545116760279,66.35459354155203,66.59599709494192,124814400,-0.3875050150838888
2020-04-24,68.30992889404297,68.31958709401815,66.86875012200237,66.91703375483024,126161200,2.886906116227772
2020-04-27,68.35823059082031,68.68895219864656,67.58091104598891,68.02750161594408,117087600,0.07070962824784477
2020-04-28,67.25019836425781,69.00037411858965,67.15847120269908,68.81932145434843,112004800,-1.6209199930802387
2020-04-29,69.45903015136719,69.92735352024151,68.53204161617626,68.73481966758834,137280800,3.284498545484338
2020-04-30,70.92436218261719,71.1005894315717,69.6087172156617,69.99737340670072,183064000,2.109635029537138
2020-05-01,69.78251647949219,72.17965163700352,69.00519685948858,69.1017567929507,240616800,-1.609948497224345
2020-05-04,70.7698745727539,70.89781817578982,69.11867496549594,69.80667664361658,133568000,1.4149075485861529
2020-05-05,71.83204650878906,72.66247538830531,71.08369395995085,71.22853757699251,147751200,1.500881473151705
2020-05-06,72.57315063476562,73.20321036598678,72.14827802802382,72.53210878963873,142333600,1.0317179615450423
2020-05-07,73.32389831542969,73.66911092684012,72.89661676334377,73.19837114485792,115215200,1.0344702883884782
2020-05-08,75.06912994384766,75.1223827731926,73.65551811313698,73.98229650289032,133838400,2.3801675422523427
2020-05-11,76.2503662109375,76.74415709638575,74.36957888241814,74.57775171164975,145946400,1.5735313143677265
2020-05-12,75.37895965576172,77.38319101183461,75.25793117438776,76.93296121988755,162301200,-1.1428227803721436
2020-05-13,74.46883392333984,76.47791143801962,73.39410026175051,75.55809041384309,200622400,-1.207400230221023
2020-05-14,74.92631530761719,74.98682954910396,72.98743664654351,73.70876906438306,158929200,0.6143259672204415
2020-05-15,74.48336791992188,74.5293593473761,72.66794016355354,72.70183169409641,166348400,-0.5911773265197318
2020-05-18,76.23827362060547,76.61104348348049,75.11513293810333,75.80499689236754,135178400,2.3561041205471867
2020-05-19,75.79774475097656,77.10000541594032,75.76627615398213,76.25522871352638,101729600,-0.5778316437504483
2020-05-20,77.2718505859375,77.34204178986873,76.61587086677298,76.65460086911052,111504800,1.9447885155474243
2020-05-21,76.69576263427734,77.67367499164858,76.45854411277335,77.1338852173559,102688800,-0.745534042852336
2020-05-22,77.18953704833984,77.27183551713587,76.33265345783,76.43431323052285,81803200,0.6438092498239456
2020-05-26,76.66670227050781,78.48454498542678,76.6110265113562,78.3054252019707,125522000,-0.6773389216010006
2020-05-27,77.000732421875,77.14596806852482,75.78560919845494,76.52388732434491,112945200,0.4356912994491591
2020-05-28,77.03463745117188,78.29091382648822,76.4004493161322,76.67639044487011,133560800,0.044032086748369004
2020-05-29,76.95958709716797,77.73658783652532,76.60376308600569,77.27668110998019,153532400,-0.09742416721501002
2020-06-01,77.90605163574219,78.0270801430567,76.78290354210658,76.91361639836452,80791200,1.22982018780744
2020-06-02,78.26669311523438,78.2909002875674,77.19922108217762,77.63976650286615,87642800,0.4629184407629827
2020-06-03,78.69756317138672,78.95898884323296,78.01496072344597,78.58621903033732,104491200,0.5505152179075212
2020-06-04,78.01980590820312,78.81859097042819,77.6470360985682,78.5208656190316,87560400,-0.86121759794211
2020-06-05,80.24188232421875,80.30239656428226,78.24007392223491,78.26911957554665,137250400,2.848092724852558
2020-06-08,80.71632385253906,80.75021537775042,79.23009773769596,79.93932296340279,95654400,0.5912642058960138
2020-06-09,83.26517486572266,83.65730597576551,80.36533708864444,80.3968056767083,147712400,3.1577887737306964
2020-06-10,85.40738677978516,85.87455499385788,83.77350211039672,84.21162466782144,166651600,2.5727585602469905
2020-06-11,81.30692291259766,84.9765069301838,81.20526313670851,84.55290729433239,201662400,-4.801064664067233
2020-06-12,82.00889587402344,84.18740853476542,80.90027823694467,83.44187634114364,200146000,0.8633618593343995
2020-06-15,83.02312469482422,83.67425858934295,80.50331054070764,80.665491974399,138808800,1.2367302473609287
2020-06-16,85.22341918945312,85.49452921505798,83.44188334314991,85.07334504214955,165428800,2.650218842902774
2020-06-17,85.10480499267578,86.02704141186865,84.98377651365317,85.96652717235735,114406400,-0.13918028390020876
2020-06-18,85.13870239257812,85.55504068464955,84.53113702208627,85.06124238777585,96820400,0.039830183390066054
2020-06-19,84.65216064453125,86.30782937031772,83.54595856056092,85.84308414219812,264476000,-0.5714695366196842
2020-06-22,86.86698150634766,87.00979422869749,84.99830144840965,85.04429286253834,135445200,2.6163784184042527
2020-06-23,88.72113800048828,90.1371727058119,87.6899729783668,88.1087341820106,212155600,2.134477867180329
2020-06-24,87.15502166748047,89.26818142371512,86.78225190963218,88.35078354810454,192623200,-1.7652121786345787
2020-06-25,88.31208038330078,88.3508103921037,86.55232854521968,87.30996818337783,137522400,1.32758697511981
2020-06-26,85.5986099243164,88.42825657527817,85.45095132716905,88.20798383985682,205256800,-3.072592613838454
2020-06-29,87.57138061523438,87.66578639039905,85.02978213117639,85.5066347136651,130646000,2.3046760837147184
2020-06-30,88.30238342285156,88.58801627360432,87.14051287267962,87.15987418081895,140223200,0.8347508084051158
2020-07-01,88.1353759765625,88.92206127344404,88.08696900587378,88.37985592496987,110737200,-0.18913130066865458
2020-07-02,88.1353759765625,89.67486242954287,88.02161627129679,89.04067423366814,114041600,0.0
2020-07-06,90.49298095703124,90.96014903943146,89.52959175677846,89.56106033827533,118655600,2.674981475197513
2020-07-07,90.21218872070312,91.64758439774192,90.10084461250707,90.87058379928104,112424400,-0.3102917302077124
2020-07-08,92.31327056884766,92.34473915860562,91.10056271828748,91.18770707353976,117092000,2.3290443097988556
2020-07-09,92.71023559570312,93.25727928434208,91.66454778966232,93.20402645939578,125642800,0.430019459184261
2020-07-10,92.87242126464844,92.93051996359854,91.69602787555728,92.30600881208682,90257200,0.17493825563401622
2020-07-13,92.44400787353516,96.77925047959144,92.23099648987042,94.1747142853188,191649200,-0.46129236783056804
2020-07-14,93.97376251220705,94.16498216403885,90.89479813530976,91.82671138557993,170989200,1.654790476809076
2020-07-15,94.62007904052734,96.09420527190387,93.42431687945134,95.84488685944432,153198000,0.6877627446664647
2020-07-16,93.4557876586914,94.31024858615012,92.8579065641584,93.49451766571708,110577600,-1.2304908151019922
2020-07-17,93.2669677734375,94.06091431617956,92.79495374103924,93.90600170117716,92186800,-0.20204193874380216
2020-07-20,95.23247528076172,95.37044953138845,93.01039399095431,93.35411815070974,90318000,2.107399387207254
2020-07-21,93.91812133789062,96.09663446170768,93.6688029092002,96.02159737840238,103433200,-1.3801530822297292
2020-07-22,94.18195343017578,94.86213298167614,93.5332424693202,93.62037944003524,89001600,0.28091713135525165
2020-07-23,89.89512634277344,93.99314942038048,89.08665688068213,93.9156894105172,197004400,-4.551643846058573
2020-07-24,89.67244720458984,90.01617144490031,86.31269437361678,88.09666092836993,185438800,-0.24770991180824709
2020-07-27,91.79767608642578,91.88965891007824,90.50993871626744,90.73262697532834,121214000,2.3699909482643777
2020-07-28,90.28966522216795,91.54594138277622,90.28481935549644,91.36923715007886,103625600,-1.6427549460381385
2020-07-29,92.02039337158205,92.20435906214746,90.73507124553788,90.77137831946692,90329200,1.9168618525225778
2020-07-30,93.13382720947266,93.23790991700751,90.7882949552578,91.19494882678332,158130000,1.2099859575632532
2020-07-31,102.8838882446289,103.03396237192648,97.62156512089064,99.61611941491957,374336800,10.468871866745921
2020-08-03,105.4763412475586,108.0905539794476,104.4645447268862,104.76227011908288,308151200,2.5197852133713727
2020-08-04,106.18071746826172,107.26997389606046,104.94380243901392,105.6651349105181,173071600,0.6678049431482647
2020-08-05,106.5655746459961,106.88509160009556,105.43758834706335,105.9023409518437,121776800,0.3624548664868499
2020-08-06,110.28357696533205,110.77737527223312,106.30900549573542,106.89720218347466,202428800,3.488933768420921
2020-08-07,107.77619171142578,110.26174899503664,106.98081367668276,109.8058602311636,198045600,-2.273579913620749
2020-08-10,109.34271240234376,110.3587604567114,106.69710821737102,109.21903838608284,212403600,1.4534941957425884
2020-08-11,106.09088134765624,109.10507306907006,105.83141158748523,108.60796447088038,187902400,-2.973980600300008
2020-08-12,109.6167221069336,109.8737645271132,106.98566715289093,107.17965891895842,165598000,3.323415466521862
2020-08-13,111.55664825439452,112.55814702285625,110.50664785344016,110.99406187884408,210082000,1.769735593414734
2020-08-14,111.4572525024414,111.54697388434197,109.65067355223329,111.38208013380518,165565200,-0.0890989049137203
2020-08-17,111.16626739501952,112.6018318349646,110.5406375676734,112.577581010581,119561600,-0.26107328225726256
2020-08-18,112.09258270263672,112.51694618501556,110.58427334354064,110.91891544512356,105633600,0.8332701360976857
2020-08-19,112.2332000732422,113.64451322363762,112.13863150972216,112.49994425291816,145538000,0.12544752490761812
2020-08-20,114.72361755371094,114.83758973633216,112.25745666606086,112.27443297843882,126907200,2.2189668287490028
2020-08-21,120.63563537597656,121.11819493819868,115.6693672178966,115.68148892938784,338054800,5.153270048774172
2020-08-24,122.07846069335938,124.91806397068724,120.2161130032418,124.83318239328597,345937600,1.196019163728912
2020-08-25,121.07696533203124,121.42130925505194,119.35768781992572,120.95329871627834,211495600,-0.8203702402864721
2020-08-26,122.7235107421875,123.17939961788298,121.3267460847908,122.39129589562364,163022400,1.3599163190462615
2020-08-27,121.25641632080078,123.65709978806709,120.1142669418772,123.32488497435536,155552400,-1.1954469135655121
2020-08-28,121.05999755859376,122.64589926041506,120.8369003471594,122.22881026536903,187630000,-0.16198628342055654
2020-08-31,125.16539001464844,127.06654483126825,122.21667670793738,123.74923681098468,225702700,3.3912048065816602
2020-09-01,130.1510772705078,130.75247109042868,126.61067882372832,128.77371625173845,151948100,3.9832794475181066
2020-09-02,127.45451354980467,133.8369410345014,123.1866360174791,133.45865195686625,200119000,-2.071871994650154
2020-09-03,117.25041961669922,124.97140947448622,116.88183227033254,123.09936731503696,257599600,-8.006067144195772
2020-09-04,117.3280029296875,119.98572845730746,107.56036930998825,116.46472703859588,332607200,0.06616890007038467
2020-09-08,109.43243408203124,115.41717011939836,109.2966383541402,110.52850171438396,231366600,-6.729483712756901
2020-09-09,113.79730987548828,115.56266164657546,111.79916649731042,113.73911382379356,176940500,3.9886490966518195
2020-09-10,110.0823211669922,116.88183937183103,109.12204920606632,116.74604363595516,182274400,-3.264566370295441
2020-09-11,108.63705444335938,111.77007275174712,106.6971070425851,111.12988655734183,180860300,-1.3128963018870121
2020-09-14,111.89616394042967,112.44904864015744,109.41303369608222,111.27538137934282,140150100,2.9999980336078647
2020-09-15,112.07073974609376,115.26195346815392,110.198690583922,114.7769667152629,184642000,0.1560158985941973
2020-09-16,108.7631378173828,112.51693833812011,108.67584374495958,111.7700619173575,154679000,-2.9513519195149662
2020-09-17,107.0268783569336,108.83102975873638,105.44582412860576,106.42549948987327,178011000,-1.5963675702005298
2020-09-18,103.6319808959961,107.5506753180143,102.9045006607274,107.08509211161685,287104900,-3.1720045590935997
2020-09-21,106.77469635009766,106.88139403880808,100.00427732246104,101.4010416835348,195713800,3.0325729827123116
2020-09-22,108.45276641845705,109.47124185175878,105.882341811166,109.29664627463028,183055400,1.5715990077436182
2020-09-23,103.90357971191406,108.74374613747926,103.56408301527632,108.2684611226227,150718700,-4.19462486460721
2020-09-24,104.97055053710938,106.9395958803808,101.84723417179124,102.01212791770884,167743300,1.0268855299823354
2020-09-25,108.9086456298828,109.06384497371614,104.4370662899755,105.17424837255976,149981400,3.7516189756299445
2020-09-28,111.5081787109375,111.85736984450416,109.39363569114488,111.55668035738763,137672400,2.3868932223149786
2020-09-29,110.66429901123048,111.84766814275456,110.1599159291002,111.11049343812664,99382200,-0.7567872683981403
2020-09-30,112.33265686035156,113.7391232285353,110.2084193944178,110.3733131547286,142675200,1.5075845272844335
2020-10-01,113.28321838378906,114.18529413378772,112.35204460964712,114.10769446919808,116120400,0.8462022977157924
2020-10-02,109.6264190673828,111.90586307346008,108.8504445847348,109.50032515653432,144712000,-3.228015030450049
2020-10-05,113.0019073486328,113.14740484674029,110.1404886205297,110.48967965586358,106243800,3.0790828615638866
2020-10-06,109.76222229003906,112.63334341918222,108.87954271233733,112.22594886007512,161498200,-2.8669295365065683
2020-10-07,111.62458038330078,112.080469227634,110.70310088509402,111.17839334850784,96849000,1.6967204693984383
2020-10-08,111.51787567138672,112.90493833599004,111.14928093514196,112.75944080327828,83477200,-0.09559248648250973
2020-10-09,113.45781707763672,113.48691510258756,111.46936816913345,111.81855926916631,100506900,1.7395788743021612
2020-10-12,120.66472625732422,121.4213045373118,115.6984583933761,116.45503667336372,240226800,6.352060497300038
2020-10-13,117.46379852294922,121.62498605023444,116.05733979847938,121.50858655705257,262330500,-2.6527452004066587
2020-10-14,117.55110931396484,119.33585728240598,116.0282509755602,117.36681195189108,150712000,0.07432995707061796
2020-10-15,117.08551788330078,117.56080289760202,114.602387718432,115.15527240046332,112559200,-0.3960757438881579
2020-10-16,115.4462661743164,117.90030584427576,115.24257258596,117.63840880188036,115393800,-1.4000465118309657
2020-10-19,112.49755096435548,116.80422908289772,112.1871596819352,116.35804207693808,120639300,-2.5541884615900456
2020-10-20,113.98160552978516,115.40746797741105,112.15805033404632,112.71093501778782,124423700,1.3191883313974362
2020-10-21,113.36080932617188,115.14555707254408,112.95341481857756,113.1668101796244,89946000,-0.5446459546940341
2020-10-22,112.2744369506836,114.49567723930028,111.14926409518417,113.92338900408984,101988000,-0.9583315273998028
2020-10-23,111.58577728271484,113.05043966735408,110.84859518576692,112.89524032049675,82572600,-0.6133717404178451
2020-10-26,111.59546661376952,113.05042702646372,109.49061825916864,110.58669317293084,111850700,0.00868330291783348
2020-10-27,113.09893035888672,113.75851276167866,111.10078693291936,112.02225897491292,92276800,1.3472444631829728
2020-10-28,107.86105346679688,111.9640447506843,107.76405759395712,111.5954574737689,143937800,-4.6312346858356275
2020-10-29,111.85734558105467,113.41900353400632,108.83102554669962,108.99592666867332,146129200,3.705037161989133
2020-10-30,105.59132385253906,108.62733847489967,104.48555457025763,107.72526275511105,190272600,-5.601797267730701
2020-11-02,105.50402069091795,107.35667373960923,104.09756199136386,105.8338155489353,122866900,-0.08268024155377862
2020-11-03,107.12389373779295,108.14236164402186,105.46523966166724,106.36731546450528,107624400,1.5353661749257341
2020-11-04,111.49846649169922,112.1192490266788,108.97653651830576,110.71279021468384,138235500,4.083657344097191
2020-11-05,115.45597076416016,116.0282591074031,113.3608313760952,114.40839736997158,126387100,3.5493800022402766
2020-11-06,115.32479095458984,115.8203256136095,112.83736946099638,114.96527887670224,114457900,-0.11361890485358517
2020-11-09,113.0219955444336,118.53123307425452,112.75965407719043,117.08348090470506,154515300,-1.9967913152888261
2020-11-10,112.68192291259766,114.25598657554706,110.8940882741732,112.27383288243148,138023400,-0.3008906630941999
2020-11-11,116.10211181640624,116.23814181960137,113.1385925604224,113.86732789743012,112295000,3.035259618760211
2020-11-12,115.8300552368164,117.1126291713714,115.2082016572188,116.22843412444456,103162300,-0.23432526362658912
2020-11-13,115.8786392211914,116.27701069114,114.52805029862242,116.0535360017511,81581900,0.04194419511902581
2020-11-16,116.88915252685548,117.55958400464418,114.80010971790968,115.54827474511946,91183000,0.8720445048851388
2020-11-17,116.00495910644533,117.2486663416219,115.58715051215194,116.16042621738232,74271000,-0.7564375318804828
2020-11-18,114.68350219726562,116.42275133775613,114.65435397133162,115.24705927558566,76322100,-1.1391382914648918
2020-11-19,115.27622985839844,115.68431992677776,113.49811360078527,114.25599727436985,74113000,0.5168377750735864
2020-11-20,114.0130615234375,115.40251710432108,113.96448361868472,115.27620565626935,73604300,-1.0957751971178875
2020-11-23,110.62203216552734,114.2851462584726,110.52486892820644,113.85761911856476,127959300,-2.9742463824752763
2020-11-24,111.9045867919922,112.56530706965944,109.39773567263003,110.68031687022992,113874200,1.1594025180677647
2020-11-25,112.74020385742188,113.43979090606146,111.90458681744444,112.27381743371453,76499200,0.7467228014370164
2020-11-27,113.28433227539062,114.158816151439,112.92482759135008,113.26490259506916,46691300,0.4826391999937174
2020-11-30,115.6745834350586,117.54014397849063,113.49808872130924,113.65355580646788,169410200,2.109957406870122
2020-12-01,119.24053192138672,119.969267237973,116.60736920035772,117.57901628913945,127728200,3.0827415845678052
2020-12-02,119.5903091430664,119.87208764992158,117.46239993689542,118.56035832864588,89004200,0.29333752210221054
2020-12-03,119.45429229736328,120.27047227200518,118.74498667961886,120.0178419599632,78967600,-0.11373567530493789
2020-12-04,118.78385925292967,119.3765645833526,118.07455360054388,119.12393425897255,78260400,-0.5612465082164397
2020-12-07,120.2413330078125,121.038083362331,118.7838623046875,118.84215876062711,86712000,1.226996465722996
2020-12-08,120.8534698486328,121.43646406909802,119.60004413555974,120.84375871455,82225500,0.5090901984432739
2020-12-09,118.32720184326172,122.37896912827428,117.56931816843408,120.99923180163522,115089200,-2.0903562045303192
2020-12-10,119.74579620361328,120.35793867044406,116.74340998030308,117.0834850101648,81312200,1.1988742556683363
2020-12-11,118.93931579589844,119.2793907717679,117.13205173775964,118.95874547462876,86939800,-0.6734937119157958
2020-12-14,118.32720184326172,119.85268774115538,118.09400857710251,119.1239522979626,79184500,-0.5146439161354488
2020-12-15,124.25423431396484,124.27367140820184,120.61055751786674,120.81460252887872,157243700,5.0090193787850845
2020-12-16,124.18622589111328,124.73034594931228,122.97166689471923,123.79757294273104,98208600,-0.05473328392151533
2020-12-17,125.05097198486328,125.9060261306018,124.4096813755594,125.24529842903368,94359800,0.6963301183725568
2020-12-18,123.06884002685548,125.43966160781515,122.5441496402621,125.30363159052206,192541500,-1.585059217490703
2020-12-21,124.59429168701172,124.67202522679209,119.94982017477122,121.47530568083864,121251600,1.2395108784834186
2020-12-22,128.1408233642578,130.59908932336018,125.97403967211778,127.87847449783372,168904800,2.8464640147039644
2020-12-23,127.24690246582033,128.6752099698852,127.07199828959048,128.4128759447762,88223700,-0.697608205541489
2020-12-24,128.22824096679688,129.6760001670091,127.38291291879534,127.59667642019996,54930100,0.7712081645682156
2020-12-28,132.81443786621094,133.44600251933943,129.72459253226933,130.19099379190865,124486200,3.5765887957564635
2020-12-29,131.04603576660156,134.85489050709643,130.53106400488656,134.13588116304936,121047300,-1.3314833296894646
2020-12-30,129.9286346435547,132.13427742745725,129.6177004950943,131.735898609551,96452100,-0.8526783099620183
2020-12-31,128.92784118652344,130.9197204767935,127.98534242224186,130.27842990655225,99116600,-0.7702639681982482
2021-01-04,125.74085998535156,129.82177500940742,123.16599358092328,129.73433032505793,143301900,-2.471910777254993
2021-01-05,127.2954559326172,128.00476884946957,124.78860513373438,125.23556923440636,97664900,1.2363490654086151
2021-01-06,123.01052856445312,127.33436285992688,122.79676500387104,124.09877604874404,155088000,-3.3661275155275505
2021-01-07,127.20803833007812,127.89791430422592,124.23480053472449,124.72062409151188,109578200,3.4123174777073384
2021-01-08,128.3059539794922,128.8695108634262,126.53754980995936,128.6751696560229,105158200,0.8630866915541935
2021-01-11,125.32303619384766,126.47929859092636,124.85664974689551,125.527088604103,100384500,-2.3248475173032968
2021-01-12,125.14816284179688,126.01292826031992,123.26316489383076,124.85666571536174,91951100,-0.13953807485185266
2021-01-13,127.17889404296876,127.72301407124304,124.84694682860504,125.10928088256377,88636800,1.6226616156874707
2021-01-14,125.25503540039062,127.28577434890036,125.1092794348303,127.09144788764522,90221800,-1.5127184876510547
2021-01-15,123.53522491455078,126.52790008179282,123.39919489904705,125.12872573594878,111598500,-1.3730469839733694
2021-01-19,124.20563507080078,125.06068915645736,123.34086985277312,124.1570497566328,90757300,0.5426874453935859
2021-01-20,128.2865753173828,128.7335395413519,124.90524730001776,125.01212908230433,104319500,3.285632124706561
2021-01-21,132.98931884765625,135.70993338633443,129.80231790485385,130.00637029637122,120150900,3.6658111097274126
2021-01-22,135.126953125,135.88483658611096,131.19177987621222,132.41604973812463,114459400,1.6073729047311636
2021-01-25,138.86778259277344,140.97625472972098,132.6686702057167,139.01353853335786,157611700,2.7683814229963133
2021-01-26,139.10098266601562,140.2086596098709,137.36172630104042,139.5285097015661,98390600,0.1679295722075702
2021-01-27,138.0321502685547,140.208644567784,136.42893888339475,139.36330171958025,140843800,-0.7683859430578033
2021-01-28,133.20309448242188,137.96417406452278,132.82415271471342,135.5642045936499,142621100,-3.4985007309800142
2021-01-29,128.21853637695312,132.86300755142042,126.51815423658084,131.97880528014946,177523800,-3.7420738045440327
2021-02-01,130.33676147460938,131.54160940158948,127.21776727973176,129.95781964029345,106239800,1.6520427993568898
2021-02-02,131.16262817382812,132.44519444855226,130.7933975854858,131.8816374338767,83305400,0.6336406474083178
2021-02-03,130.1424102783203,131.92052618668296,129.82176496768204,131.9108002272906,89880900,-0.7778266642810228
2021-02-04,133.49456787109375,133.50427900274144,130.77395356806818,132.43547630144383,84183100,2.5757611109280765
2021-02-05,133.0810546875,133.72330378796144,132.20527125837398,133.6551945582066,75693800,-0.3097603072456434
2021-02-08,133.22702026367188,133.27567819524438,131.29054743428753,132.37068818260687,71297200,0.10968170977803116
2021-02-09,132.35122680664062,134.17093254443628,132.1955422076444,132.94481795724369,76774200,-0.657369244840833
2021-02-10,131.7478790283203,133.3048434386966,130.78450562896475,132.80855342312873,73046600,-0.45586867071641946
2021-02-11,131.49484252929688,132.72094164331563,130.17142759822354,132.24411789704274,64280000,-0.19206115566311466
2021-02-12,131.72840881347656,131.88410821935858,130.0936095966532,130.73585850968206,60145100,0.17762391260907062
2021-02-16,129.60707092285156,132.3512026514084,129.21782237561078,131.84520181246612,80576300,-1.610387546416625
2021-02-17,127.32025909423828,128.66314035492906,125.987118325664,127.7192332149234,97918500,-1.7644190338770183
2021-02-18,126.22067260742188,126.50286477250336,123.982542030246,125.72438263501022,96856700,-0.8636382729967029
2021-02-19,126.37637329101562,127.19378780631595,125.33516499223074,126.7364300489586,87668800,0.12335592924466177
2021-02-22,122.61048126220705,126.23041094448013,122.22124015432108,124.56640502266376,103916400,-2.9799019632701484
2021-02-23,122.4742660522461,123.30139888840267,115.20521383169692,120.43075921463635,158273000,-0.11109589372677586
2021-02-24,121.97795104980467,122.18230093698556,118.94188709836796,121.57898434363892,111039900,-0.405240234082882
2021-02-25,117.73524475097656,123.05809741548158,117.29735317502876,121.32598240071049,148199500,-3.4782567360028716
2021-02-26,117.99801635742188,121.49143907834176,117.93962535437852,119.2922327090467,164560400,0.2231885677063783
2021-03-01,124.3523178100586,124.4885510714253,119.48682297794498,120.42099709481208,116307900,5.385091757296356
2021-03-02,121.754150390625,125.25730532990296,121.64710890595585,124.95564701355688,102260900,-2.0893598649300182
2021-03-03,118.77647399902344,122.32828720569532,118.56239100874602,121.45249652917722,112966300,-2.4456467250177916
2021-03-04,116.89838409423828,120.27503892466773,115.42900990064756,118.47480719948628,178155000,-1.5811968831475842
2021-03-05,118.15370178222656,118.65971751818748,114.40727138827786,117.72554318736458,153766600,1.0738537557339445
2021-03-08,113.22979736328124,117.74497601487798,113.0838310321506,117.67685938357114,154376600,-4.167372113334844
2021-03-09,117.83255004882812,118.77645723226702,115.59442688495044,115.827968557669,129525800,4.064965930107278
2021-03-10,116.75241088867188,118.88349246045178,116.2366622283132,118.41640913957764,111943300,-0.9166729903652748
2021-03-11,118.67914581298828,119.89551948779854,117.99797952475684,119.2435449798976,103026500,1.6502742081734079
2021-03-12,117.77416229248048,117.9103955487277,115.95447204511132,117.16111263936789,88105100,-0.7625463718232806
2021-03-15,120.65454864501952,120.6642817142442,117.18058534747088,118.14395874848536,92403800,2.4456861305333533
2021-03-16,122.1920394897461,123.79765430298438,121.36490683570096,122.31853968534864,115227900,1.2742916549711492
2021-03-17,121.40382385253906,122.47423118424491,119.04891881379946,120.71292450730932,111932600,-0.6450630012384551
2021-03-18,117.2876434326172,119.86635775445424,117.0832934949232,119.5744250296585,121229700,-3.3904866332064687
2021-03-19,116.7621612548828,118.16342636251116,116.46050290360724,116.6745858977346,185549500,-0.4480285922329852
2021-03-22,120.07069396972656,120.5377847911862,117.024896545298,117.0930131834112,111912300,2.833565839554386
2021-03-23,119.2435531616211,120.89781850320576,118.85431207414344,120.01230226774646,95467100,-0.6888781773127906
2021-03-24,116.85945129394533,119.59386443754735,116.83999258124882,119.51601473844956,88530500,-1.9993549374064612
2021-03-25,117.34601593017578,118.38723908571316,115.79879193762964,116.3242663381614,98844700,0.41636738050956357
2021-03-26,117.94932556152344,118.2120664416162,115.720928023681,117.1124598512715,94071200,0.5141287725581201
2021-03-29,118.12450408935548,119.28249444245718,117.4822625170894,118.37751194468804,80819200,0.14852016066906337
2021-03-30,116.67455291748048,117.16110233963497,115.6625292285005,116.87890278388676,85671900,-1.2274770447105343
2021-03-31,118.86404418945312,120.19718506636264,117.89094519064328,118.3774946900482,118323800,1.876579954432045
2021-04-01,119.69117736816406,120.83943448866228,119.1948947978738,120.33342627373456,75089100,0.6958649138612438
2021-04-05,122.51318359375,122.76619144970482,119.75931123714496,120.53779352124104,88651200,2.3577395490943953
2021-04-06,122.81482696533205,123.7100762858856,122.26989388745704,123.09702657327624,80171300,0.24621298927491875
2021-04-07,124.4593734741211,124.47883218903851,121.77361794195266,122.44505868103396,83466700,1.3390455773334864
2021-04-08,126.85318756103516,126.88237934347556,125.06268894589844,125.48111439308596,88844600,1.923369867687641
2021-04-09,129.422119140625,129.46103655297617,125.98708212874212,126.30820646179014,106686700,2.0251218191531972
2021-04-12,127.70951080322266,129.276200697575,127.11591985323048,128.95507626413877,91420000,-1.323273292675331
2021-04-13,130.81369018554688,131.0375136441806,128.38094270892825,128.87723269707828,91266500,2.430656387923369
2021-04-14,128.47828674316406,131.36839256751463,128.11824478906962,131.31000899099288,87222800,-1.7852897805040624
2021-04-15,130.88182067871094,131.36837019796266,130.04495491166549,130.22012045971883,89347100,1.8707705375552663
2021-04-16,130.55096435546875,131.04723949609195,129.69463249088383,130.6871976204425,84922400,-0.25279012893194563
2021-04-19,131.212646484375,131.82570351653897,129.75299819698287,129.91842322109008,94264200,0.5068381778510656
2021-04-20,129.52920532226562,131.88410306298763,128.26417368348118,131.38782793049364,94812300,-1.2829869735992538
2021-04-21,129.90870666503906,130.15198139662152,127.76789199677556,128.79937448295544,68847100,0.2929851548376661
2021-04-22,128.39064025878906,130.54117999377158,127.87489915411142,129.4610398814961,84566500,-1.1685640210122528
2021-04-23,130.70664978027344,131.4851170121257,128.60475261832673,128.60475261832673,78657500,1.803877227199857
2021-04-26,131.0959014892578,131.426751593288,129.9671030596472,131.20294297565732,66905100,0.2978055895692666
2021-04-27,130.77474975585938,131.76731470925472,130.50228327427,131.37806627247733,66015800,-0.24497465576737154
2021-04-28,129.98660278320312,131.38786811328342,129.50005314627617,130.69696109558785,107760100,-0.6026751908358663
2021-04-29,129.88925170898438,133.38268843991688,128.886960916459,132.79882309453924,151101000,-0.07489315985980127
2021-04-30,127.9236068725586,129.96710595621136,127.54409883928643,128.23499084555246,109839500,-1.5133237050512727
2021-05-03,128.9745330810547,130.46338819019584,128.28364111599663,128.48798358801744,75135100,0.8215264048511806
2021-05-04,124.41070556640624,127.95279275381807,123.29164023246338,127.66086008438737,137564700,-3.5385493598029116
2021-05-05,124.65399932861328,126.94077328039651,124.52749169549318,125.72439941828402,84000900,0.1955569346700603
2021-05-06,126.24986267089844,126.25958831497178,123.71006640231248,124.44962368045476,78128300,1.2802343694389817
2021-05-07,126.92245483398438,127.94593245749884,126.2108752190309,127.54629547170842,78973300,0.532746847289034
2021-05-10,123.64727020263672,126.26934761190338,123.6082792363769,126.1426399859002,88071200,-2.5804611450602866
2021-05-11,122.73101043701172,123.0819142652862,119.6702827504282,120.38185488141868,126142800,-0.7410270878794201
2021-05-12,119.6702880859375,121.4930768252382,119.16342036759428,120.28438654552215,112172300,-2.4938459645820754
2021-05-13,121.81475067138672,122.96495825371116,121.12267768901388,121.43459801116455,105861300,1.7919757859271135
2021-05-14,124.23214721679688,124.66104050346152,122.67254540633638,123.06244771814352,81918000,1.984485895252086
2021-05-17,123.08192443847656,123.72526428981506,122.00969878967952,123.61804098125864,74244600,-0.9258656507909024
2021-05-18,121.69776916503906,123.78373756646234,121.62953683178752,123.36459396598384,63342900,-1.1245804611459298
2021-05-19,121.54181671142578,121.76600548369002,119.75801895076616,120.050447495282,92612000,-0.12814733966223235
2021-05-20,124.0956802368164,124.49533214416668,121.94147911381228,122.06820163895644,76857100,2.1012221097979955
2021-05-21,122.2631378173828,124.76825004025154,122.04869119774337,124.59279439116176,79295400,-1.4767173328970817
2021-05-24,123.89096069335938,124.70975612799803,122.76025239580744,122.82848472896345,63092900,1.331409372470027
2021-05-25,123.6960220336914,125.08017543327662,123.1306641265909,124.59279202902988,72009500,-0.15734695943674382
2021-05-26,123.64727020263672,124.17363709199464,123.22812661130168,123.75449350065962,56575900,-0.03941261024660303
2021-05-27,122.11690521240234,124.41732007226534,121.92195782567474,123.24762087836751,94625600,-1.2376860303720205
2021-05-28,121.46385192871094,122.6238092325372,121.40536918625511,122.39961299184344,71311100,-0.5347771322533279
2021-06-01,121.14217376708984,122.18515807859856,120.81076166659518,121.92197831860382,67637100,-0.2648344808049541
2021-06-02,121.90247344970705,122.07792909380578,120.91797935921072,121.14216813753484,59278900,0.6276094104757934
2021-06-03,120.4208526611328,121.6977752920281,120.02120080570538,121.53206925104124,76229200,-1.2154148694821343
2021-06-04,122.71153259277344,122.9747198057444,120.72303755703824,120.93748419375008,75169300,1.9022286265375277
2021-06-07,122.72126770019533,123.1306617200527,121.67828344764422,122.98444744531308,71057600,0.007933327223774711
2021-06-08,123.54004669189452,125.2166284911142,123.0234294041827,123.40358202860334,74403800,0.6671858978017031
2021-06-09,123.92020416259766,124.52455300706954,123.32560491924684,123.99818609803276,56877900,0.30772003158721084
2021-06-10,122.92596435546876,124.95345011953232,122.76025831506652,123.81298472926724,71186400,-0.8023226025550612
2021-06-11,124.13465118408205,124.22238272093318,122.91621132668672,123.33535493510138,53522400,0.983264060567457
2021-06-14,127.18563842773438,127.24412116871932,123.86173793219396,124.59280194157655,96906500,2.457804661752294
2021-06-15,126.36686706542967,127.302635665895,126.12317902998468,126.65929568267116,62746300,-0.643760862017384
2021-06-16,126.86396026611328,127.585282063148,125.21664196538164,127.07840688486591,91815000,0.39337305120197286
2021-06-17,128.4625244140625,129.203345250585,126.37655629930642,126.52277798345058,96721700,1.2600616791372587
2021-06-18,127.16609191894533,128.1895691328265,126.95164539116324,127.4097798029224,108953300,-1.0091912026720662
2021-06-21,128.9596710205078,129.066894317528,125.94769141357573,127.01016734634604,79663300,1.4104224439842827
2021-06-22,130.59722900390625,130.69471012361893,128.2968143898753,128.79394727746697,74783600,1.269821774853952
2021-06-23,130.32431030273438,130.9286665216875,129.8661757752273,130.39255006678223,60214200,-0.20897740576387713
2021-06-24,130.04168701171875,131.24062798342803,129.57379527397197,131.05542269642876,68711000,-0.21686152825908245
2021-06-25,129.749267578125,130.50957311385895,129.45683893971847,130.0904368018557,70783700,-0.22486591824004698
2021-06-28,131.37709045410156,131.83522514355917,129.98320205214029,130.04168479997963,62111300,1.254591186802978
2021-06-29,132.88792419433594,133.0438880631515,130.9579196567259,131.3965550234282,64556100,1.1499978687396828
2021-06-30,133.5020294189453,133.9406648079474,132.43953852296474,132.73196707347742,63261400,0.46212267091425563
2021-07-01,133.80419921875,133.86268195374564,132.3323143115352,133.15111722207564,52485800,0.22634097857527902
2021-07-02,136.42628479003906,136.46526832234767,134.27207651002422,134.41828334809892,78852600,1.9596437081935925
2021-07-06,138.43429565429688,139.5357553993497,136.53353205806397,136.53353205806397,108181800,1.4718650935544808
2021-07-07,140.91989135742188,141.23180423568894,139.0581116318865,139.91588320227137,104911600,1.7955057244861683
2021-07-08,139.6234893798828,140.422778328839,137.11836946520646,138.00539740279086,105575500,-0.9199566967100004
2021-07-09,141.4462127685547,141.97257211610253,139.0483171610971,139.14579827567587,99890800,1.3054561211492732
2021-07-12,140.8516387939453,142.62569425576672,140.36426288116348,142.51847096001342,76299700,-0.42035340711614744
2021-07-13,141.96287536621094,143.7369310790402,140.00362927408963,140.39352411006757,100827100,0.7889411736921925
2021-07-14,145.38427734375,145.79368633580276,143.95139049217775,144.3607994842305,127050800,2.410068103166507
2021-07-15,144.73114013671875,146.21276700697837,143.37623575739534,145.47196100861444,106820300,-0.4492488589305732
2021-07-16,142.6939239501953,145.97883295333372,142.19680585690423,144.71166743629377,93251400,-1.4075866358815414
2021-07-19,138.8533935546875,140.43250161447835,138.09308832622733,140.1205738932986,121434600,-2.691446341365089
2021-07-20,142.45999145507812,143.38601770583355,139.35054523026795,139.83792120496685,96350000,2.5974143001194827
2021-07-21,141.72894287109375,142.4405225803077,140.97839449756518,141.8556653977963,74993500,-0.5131606260238342
2021-07-22,143.09361267089844,144.45825967498962,142.12860272787458,142.2553252616605,77338200,0.9628730534213314
2021-07-23,144.8091278076172,144.96509166825837,143.210535419876,143.82463382519293,71447400,1.1988761096306089
2021-07-26,145.2283172607422,146.04710543551434,143.9708787526298,144.5264945756414,72434100,0.28947723080130494
2021-07-27,143.06430053710938,145.44269688804633,141.8751023616409,145.3549579376863,104818600,-1.4900790454987822
2021-07-28,141.31951904296875,143.25928057886588,138.94112214929507,141.15381301329907,118931200,-1.219578530486054
2021-07-29,141.96287536621094,142.84990322262558,140.92964066468824,141.03686397561236,56699500,0.4552494429637566
2021-07-30,142.17730712890625,142.63544169374407,140.47149137109437,140.73467853831747,70440600,0.15104777368177835
2021-08-02,141.84593200683594,143.23982039265098,141.58274477107045,142.6647202141764,62880000,-0.23307173891672361
2021-08-03,143.63943481445312,144.30225894055675,141.51446802349406,142.12856645538005,64786600,1.2644020045148308
2021-08-04,143.23977661132812,144.05856456840556,142.5866946784069,143.55170433223327,56368300,-0.2782371036486375
2021-08-05,143.34701538085938,144.107320690727,142.47948676454712,143.26903344221475,46397700,0.07486661321891575
2021-08-06,142.66368103027344,143.61060825982952,142.16581806356817,142.86869219057516,54126800,-0.4766993918711049
2021-08-09,142.6148681640625,143.21035833317768,142.05843483321482,142.72225212556916,48908700,-0.03421534188549069
2021-08-10,142.1365203857422,144.19632898598317,141.84365370926938,142.95653516321173,69023100,-0.33541227817146524
2021-08-11,142.39035034179688,143.22989365517753,142.06819844175104,142.57583309295842,48493500,0.17858179964291843
2021-08-12,145.34825134277344,145.50444888855472,142.37080079552103,142.7124810649403,72282600,2.0773184375741494
2021-08-13,145.5532684326172,145.88517705910473,144.7430103885552,145.42635605950554,59375000,0.14105232636081322
2021-08-16,147.52516174316406,147.59350373735597,142.9857816224089,145.0065328408216,103296000,1.3547571495859279
2021-08-17,146.61732482910156,148.07187159409528,145.5434853619502,146.65636676617194,92229700,-0.615377677499529
2021-08-18,142.87843322753906,147.134719463398,142.67342208980006,146.23660593235846,86326000,-2.550102183299674
2021-08-19,143.2103729248047,144.47945217305653,141.06270837166667,141.5800998127829,86960300,0.2323231643623913
2021-08-20,144.66488647460938,144.9675098694575,143.28842371499448,143.93272733385453,60549600,1.0156481825296382
2021-08-23,146.14877319335938,146.61735100093347,144.37205937525184,144.78206681885666,60131800,1.02574076882882
2021-08-24,146.06089782714844,147.2714065930409,145.60207679709836,145.89494350289067,48606400,-0.06012733756900479
2021-08-25,144.83087158203125,146.74425443123712,144.28419502392072,146.24637657624294,58991300,-0.8421324690012666
2021-08-26,144.03036499023438,145.57278230599707,144.00107981111,144.82110951404735,48597200,-0.5527182036900724
2021-08-27,145.0651397705078,145.21156564308194,143.33723999505236,143.97177197062845,55802400,0.718442100971961
2021-08-30,149.4776153564453,149.83882401907485,145.07490345956626,145.45562564226032,90956700,3.0417201492501933
2021-08-31,148.21829223632812,149.1652192116683,147.69112933468762,149.0285501067643,86453100,-0.8424827470750018
2021-09-01,148.88214111328125,151.29338682527435,148.71618680019012,149.19453621732464,80313700,0.447885930229619
2021-09-02,149.99501037597656,151.03956466217258,148.77474502994417,150.20977826854366,71115500,0.7474833814006931
2021-09-03,150.6295623779297,150.9517142276546,149.44833892893834,150.1023993889916,57808700,0.4230487403298122
2021-09-07,152.9627227783203,153.51915609845358,150.71743128739138,151.28363626481303,82278300,1.5489392411143887
2021-09-08,151.4202880859375,153.30437064554417,150.31716343749,153.24580029178898,74420200,-1.0083729318928092
2021-09-09,150.405029296875,152.39649574316758,150.2878736971047,151.7912489116524,57305700,-0.6704905940254857
2021-09-10,145.4263458251953,151.78148246152148,145.16276433644302,151.3129047338198,140893200,-3.3101841706719703
2021-09-13,145.99258422851562,147.81809686029018,145.21161123932484,147.04689552955006,102404300,0.3893643893114973
2021-09-14,144.59658813476562,147.47642687466802,143.4153793726529,146.77355269563384,109296300,-0.9562102767938563
2021-09-15,145.48492431640625,145.8851749521173,142.88819590848047,145.02610332343372,83281300,0.6143548704017121
2021-09-16,145.2506103515625,145.4263362978241,143.71796490468603,144.90894501042473,68034100,-0.16105721327809297
2021-09-17,142.58558654785156,145.27994241453277,142.29271983680104,145.27994241453277,129868800,-1.8347763202237521
2021-09-20,139.539794921875,141.3945924183066,137.9095220938746,140.37933813407227,123478900,-2.136114666088218
2021-09-21,140.01812744140625,141.16030897663776,139.38359538478255,140.5062336067531,75834000,0.3427929070693114
2021-09-22,142.3805694580078,142.9467594818777,140.28170408222925,141.01386330488788,76404300,1.6872401165271889
2021-09-23,143.33724975585938,143.5813028239796,142.17555476827644,143.1615238009879,64838200,0.6719177353295525
2021-09-24,143.42510986328125,143.96202960944674,142.09746053449825,142.1950877231893,53477900,0.06129607451763608
2021-09-27,141.9119873046875,142.48796392317834,140.39887004950094,142.00961449990794,74150700,-1.0549913889109974
2021-09-28,138.5343017578125,141.30674132874793,138.31953384357482,139.8424227657557,108972300,-2.3801270146566633
2021-09-29,139.43240356445312,141.0138627120859,138.6514307510702,139.08096654322168,74602000,0.6482883987899868
2021-09-30,138.13401794433594,140.94551367693097,137.91925008166186,140.2426397437822,89056700,-0.9311936012901034
2021-10-01,139.2566680908203,139.5202495626883,135.80088336468526,138.52450892126643,94639600,0.8127253251525524
2021-10-04,135.83018493652344,138.82716398233575,134.9808849639791,138.3878565109193,98322000,-2.460552303364172
2021-10-05,137.75332641601562,138.8564511470798,136.0449547897289,136.17186716291496,80861100,1.4158424950911463
2021-10-06,138.6221466064453,138.76857249312508,135.07849119061893,136.15233067899587,83221100,0.6307072308409101
2021-10-07,139.8814697265625,140.78935501402486,139.32503639848235,139.6569450430087,61732700,0.9084573792472517
2021-10-08,139.500732421875,140.7502829805711,139.16882381318146,140.60385709315267,58773200,-0.27218566221226537
2021-10-11,139.412841796875,141.365265915357,138.436629737634,138.88569383904297,64452200,-0.06300370146745671
2021-10-12,138.14376831054688,139.8423827196876,137.68494743386773,139.82285430694407,73035900,-0.9102988433283388
2021-10-13,137.55809020996094,138.03642474342516,135.88876048394778,137.88024208325538,78762700,-0.4239627366102616
2021-10-14,140.3402862548828,140.45744186952987,138.1438084019397,138.72954178771872,69907100,2.022560825521258
2021-10-15,141.39459228515625,141.45316264244676,140.0962280805495,140.35005282323274,67940300,0.7512497362009318
2021-10-18,143.06387329101562,143.34696822024532,139.7545151672495,140.0376100964792,85589200,1.18058334401705
2021-10-19,145.2213134765625,145.62156403141842,143.0638929755576,143.51294222106137,76378900,1.508025846020744
2021-10-20,145.70947265625,146.1878221446277,144.59659100003023,145.16279603857302,58418800,0.33614843992324506
2021-10-21,145.92422485351562,146.0804224119474,144.35252229936606,145.27016433537898,61421000,0.14738382711207976
2021-10-22,145.15304565429688,146.60759281256946,145.10423204789777,146.12925819899365,58883400,-0.5284792158347207
2021-10-25,145.1041717529297,145.81680244360976,144.10843120026792,145.14321368433312,50720600,-0.033670599984236826
2021-10-26,145.76805114746094,147.25188335627817,145.46541277347194,145.77780790953028,60893400,0.45751916468785847
2021-10-27,145.30923461914062,146.1682914783705,144.95779752805828,145.80709762491546,56094900,-0.3147579491586727
2021-10-28,148.9407196044922,149.52643805425132,146.1585085567286,146.256135746264,100077900,2.4991426008607043
2021-10-29,146.23660278320312,146.37327190681347,142.92724374395107,143.7179733088264,124953200,-1.8155658361727833
2021-11-01,145.41659545898438,146.1389830509936,144.28418557941234,145.44588063726485,74588300,-0.5607401352412555
2021-11-02,146.45138549804688,147.96451766703325,145.11396440756303,145.12373606469237,69122000,0.7116038137162661
2021-11-03,147.8863983154297,148.35497602206758,146.25612565424197,146.8125588879088,54511500,0.9798560884232366
2021-11-04,147.36903381347656,148.80405236999567,147.05663868837075,147.9742807485948,60394600,-0.34983913858638305
2021-11-05,147.89691162109375,148.7963357946924,146.7041933888627,148.49327073720926,65463900,0.3582013086177449
2021-11-08,147.07571411132812,148.18044870579655,146.80197694204415,148.0240232040466,55020900,-0.5552499377874054
2021-11-09,147.43746948242188,148.04359979638906,146.7042415538898,146.84111017051336,56787900,0.2459654017521462
2021-11-10,144.61204528808594,146.77262935345158,144.54361846371455,146.6650887001066,65187100,-1.9163542376673726
2021-11-11,144.56321716308594,146.0883289050465,144.37746369649008,145.62885311604722,41000000,-0.03376490865800719
2021-11-12,146.6357879638672,147.03660782102534,144.18190939663026,145.11066161989166,63804000,1.4336778341361267
2021-11-15,146.64552307128906,148.48348506739984,146.08826292319225,147.00724392124764,59222800,0.006638970988626092
2021-11-16,147.62318420410156,148.1022316953491,146.00030323462437,146.58689139053743,59256200,0.6666832456502902
2021-11-17,150.05752563476562,151.53375230300938,147.61343285568483,147.6232038564801,88807000,1.6490237924270623
2021-11-18,154.33958435058594,155.12169711619316,149.62738067059388,150.27262482103686,137827700,2.8536114384843936
2021-11-19,156.9596710205078,157.41916174351337,153.02956490955935,154.1245139086052,117305600,1.697611588722614
2021-11-22,157.41912841796875,161.99446283900974,157.39957149925132,158.0643575600625,117467900,0.2927232163992599
2021-11-23,157.80038452148438,158.18166233731603,155.50293170970644,157.5168614506406,96041900,0.2421917255845507
2021-11-24,158.3185577392578,158.51408217991855,156.06998937776268,157.15516717862224,69463600,0.3283725951269023
2021-11-26,153.30328369140625,156.8618824271744,152.8633499442556,156.00157185337474,76959800,-3.1678371250143944
2021-11-29,156.6565399169922,157.5852919747901,155.23895449884512,155.80598568259293,88748200,2.1873348990592456
2021-11-30,161.6034393310547,161.81852071802552,156.34374618750323,156.41218795497596,174048100,3.157799487135171
2021-12-01,161.0852508544922,166.49158221025922,160.85061260681175,163.73463874085127,152052500,-0.3206543615083324
2021-12-02,160.09783935546875,160.52800204808736,154.27113083970096,155.19011206164845,136739200,-0.6129744925656544
2021-12-03,158.22079467773438,161.271032766341,156.14820866843905,160.3520514474846,118023100,-1.172435983702902
2021-12-06,161.6229705810547,164.12571914002814,160.6062196554979,160.61599065605895,107497000,2.150271024899042
2021-12-07,167.3518829345703,167.74294665807955,164.57539762665544,165.29885432698077,120405400,3.5446151824332084
2021-12-08,171.1647186279297,172.02504411674911,166.882663021836,168.28069194116756,116998900,2.27833450481707
2021-12-09,170.65631103515625,172.7973384356804,170.03062395661755,170.9984899495763,108923700,-0.2970282642643096
2021-12-10,175.43695068359375,175.61293309472177,170.78340409261324,171.29177949219212,115402700,2.801326021545525
2021-12-13,171.80996704101562,178.05706815750167,171.6046566651188,177.0696450374433,153237000,-2.067400070763603
2021-12-14,170.4314727783203,173.76521877848376,168.35888695654498,171.33089709564845,139380400,-0.802336608542753
2021-12-15,175.2903289794922,175.48585340924998,168.4566405154073,171.19402728468987,131063300,2.850914870337218
2021-12-16,168.40774536132812,177.08916675225177,166.9315188519041,175.27076132354634,150185800,-3.92639095278855
2021-12-17,167.3128204345703,169.59071677301714,165.89524955752734,166.12987292514003,195432700,-0.6501630458911389
2021-12-20,165.95387268066406,166.76531314131543,163.7150906232475,164.51674516713837,107499100,-0.8122197392743669
2021-12-21,169.12142944335938,169.3267248588515,165.33796412188073,167.72340078083394,91185900,1.908697104520396
2021-12-22,171.7122039794922,171.92728536537462,168.30024464668514,169.1703411922784,92135300,1.5319019858453187
2021-12-23,172.33786010742188,172.89512039322665,171.35045204505695,171.9174833311616,68356600,0.36436322720800884
2021-12-27,176.29727172851562,176.38525547317582,173.11018066452525,173.1297226627458,74919600,2.2974705724126743
2021-12-28,175.2805633544922,177.27495155456995,174.5375644683696,176.13111784462515,79144300,-0.5767011389654964
2021-12-29,175.36851501464844,176.59056116138325,174.15623986676752,175.31963018526795,62348900,0.05017764575434569
2021-12-30,174.21493530273438,176.53194546765312,174.10739462067014,175.45653864701077,59773000,-0.6578032047643845
2021-12-31,173.59902954101562,175.2218958133562,173.29594950484335,174.1073900997929,64062300,-0.35353212435460524
2022-01-03,177.93971252441406,178.79026689432098,173.73588518068755,173.8531968520303,104487900,2.500407401397875
2022-01-04,175.68138122558594,178.84893075193062,175.1143499260673,178.54586564233023,99310400,-1.2691553036640268
2022-01-05,171.00828552246094,176.14088047095728,170.7345483186125,175.5934060632604,94537600,-2.6599834715122395
2022-01-06,168.15359497070312,171.37980064842037,167.80164498917833,168.83793801323478,96904000,-1.669328794821967
2022-01-07,168.31980895996094,170.2457555978546,167.2053030557917,169.0237089960216,86709100,0.09884652735896449
2022-01-10,168.33934020996094,168.64240533418686,164.40923476090865,165.29888813158135,106765600,0.011603655042558003
2022-01-11,171.1647186279297,171.26247339503044,166.9999896269401,168.46644539148625,76138300,1.678382732428907
2022-01-12,171.60464477539062,173.21774007794218,170.91053076473975,172.18144710369126,74805200,0.2570191748553219
2022-01-13,168.33934020996094,172.6702655459411,167.94827640647682,171.84905393496263,84505800,-1.9028066342280936
2022-01-14,169.1996612548828,169.89377524696252,167.26392904254132,167.50833831927105,80440800,0.5110635718595713
2022-01-18,166.00277709960938,168.6814931182034,165.6214992398613,167.67452813175186,90956700,-1.8894152219711802
2022-01-19,162.51260375976562,167.25414945182573,162.22909557704548,166.19829964047344,94815000,-2.1024788866932487
2022-01-20,160.83111572265625,165.8854990523026,160.50849360575597,163.2458811802376,91420500,-1.0346816174301332
2022-01-21,158.7780303955078,162.61036568511253,158.67048972769118,160.74307541554964,122848900,-1.2765473384446668
2022-01-24,158.00572204589844,158.67052310978175,151.24047430258736,156.44151145113543,162294600,-0.4864075638711496
2022-01-25,156.20684814453125,159.1202024043847,153.5085752311325,155.4247355135648,115798400,-1.1384865548379586
2022-01-26,156.1188507080078,160.713741500623,154.2906743409117,159.84364519078215,108275300,-0.05633391721854286
2022-01-27,155.6593475341797,160.1760252131081,154.7403664665498,158.81711052646853,121954600,-0.29432907797121155
2022-01-28,166.52090454101562,166.5404614570555,159.15929945417386,162.00422657695262,179935700,6.9777736955057845
2022-01-31,170.87142944335938,171.08651082179728,165.71927719769477,166.3547503312831,115541600,2.6125998500519554
2022-02-01,170.70521545410156,170.93006781127377,168.45664712970438,170.1186272242385,86213900,-0.09727430138513071
2022-02-02,171.90769958496094,171.94681342176997,169.45383589849953,170.84207875406224,84914300,0.7044214364866352
2022-02-03,169.03343200683594,172.2987509371964,168.27087633720052,170.57810026310062,89418100,-1.6719830380281908
2022-02-04,168.74960327148438,170.423499411506,167.07570713146276,168.05458991972742,82465400,-0.16791278031915713
2022-02-07,168.0349884033203,170.27662295458384,167.3399751947351,169.20964451994723,77251200,-0.4234764730168816
2022-02-08,171.13807678222656,171.6471000057892,167.80986639624405,168.1035342150904,74829200,1.846691816027124
2022-02-09,172.55743408203125,172.91961588647231,171.20657123174874,172.3322952525055,71285000,0.8293638251006152
2022-02-10,168.4852752685547,171.7743215374217,167.92731993059743,170.4626223841964,90865900,-2.3598860490361195
2022-02-11,165.0787811279297,169.4250227899619,164.4914455219278,168.690860750742,98670700,-2.021834926046362
2022-02-14,165.31369018554688,165.99890498473425,163.04267549502603,163.83556797241158,86185500,0.14230118250941892
2022-02-15,169.14112854003906,169.29775335068365,166.65477315145358,167.35956986279012,62527400,2.315257950019922
2022-02-16,168.90618896484375,169.67949961629867,166.4589825612284,168.22097415914394,61177400,-0.138901506229272
2022-02-17,165.31369018554688,168.27970312361404,164.91234475439344,167.41828169802858,69589300,-2.126919564826968
2022-02-18,163.76705932617188,166.93862933962222,162.68049906023276,166.23384762062662,82772700,-0.9355733682062661
2022-02-22,160.85000610351562,163.16995323151656,158.72581758393332,161.49605730830203,91162800,-1.7812209822040015
2022-02-23,156.6897430419922,162.64133603328534,156.37649344425944,162.04421705709984,90009200,-2.5864239376192977
2022-02-24,159.3033447265625,159.41102239990326,148.79014121364656,149.357894860665,141147500,1.6680107030808466
2022-02-25,161.36880493164062,161.6330924831591,157.47284137265066,160.38012393186045,91974200,1.296557965322953
2022-02-28,161.63307189941406,161.92673963359974,158.9998756125995,159.6165763607333,95056600,0.1637658331084424
2022-03-01,159.75363159179688,163.08184127413253,158.54961021930214,161.22195543903135,83474400,-1.1627820256901233
2022-03-02,163.0426788330078,163.82578787806702,159.50891214996344,160.91850544375748,79724800,2.058824709296836
2022-03-03,162.71963500976562,165.34304789639853,162.05400207433684,164.91233720332733,76678400,-0.19813451640662283
2022-03-04,159.7242889404297,162.0540345545001,158.67689221468046,161.01642127862274,83737200,-1.8408018609162746
2022-03-07,155.93601989746094,161.5352302369313,155.68150083148916,159.91028134097652,96418800,-2.371755146383281
2022-03-08,154.11524963378906,159.44037235523825,152.50988307246044,155.46611214466617,131148300,-1.1676393080118141
2022-03-09,159.5089111328125,159.959203685233,156.04367342146804,158.06995256595388,91454900,3.499758467666192
2022-03-10,155.1724853515625,157.0029911685478,152.6861150001443,156.81700107101284,105342000,-2.718610358790141
2022-03-11,151.46250915527344,155.91642822664025,151.2373703266691,155.57381332247203,96970100,-2.390872446157999
2022-03-14,147.43930053710938,150.86538982544317,146.9302923114544,148.2517749321591,108732100,-2.656240571083912
2022-03-15,151.81488037109375,152.2847547162285,147.204352250739,147.7133603864597,92964300,2.967716082512939
2022-03-16,156.21990966796875,156.62125521924412,151.1982508293672,153.73355381345266,102300200,2.901579401246712
2022-03-17,157.2281036376953,157.6000837703935,154.30125449850178,155.26055517399735,75615400,0.6453684244661195
2022-03-18,160.5171661376953,161.0066074424884,156.3862803303168,157.1204422875064,123511700,2.0919049609471108
2022-03-21,161.88760375976562,162.83712104497158,159.56764191840216,160.05708320205216,95811400,0.8537639026686472
2022-03-22,165.2550048828125,165.84232561301783,161.42756947089018,162.0148902010955,81532000,2.0800858403241085
2022-03-23,166.61563110351562,168.99430889731204,164.1096788423283,164.44251031244588,98062700,0.8233494783822071
2022-03-24,170.3940887451172,170.46260275503545,166.6156015912022,167.44764277770662,90131400,2.2677690061708944
2022-03-25,171.03038024902344,171.57855215101324,169.1019802060181,170.20812239603873,80546200,0.3734234612199794
2022-03-28,171.89181518554688,172.01905978493204,168.3678313455488,168.53423961902578,90371900,0.5036736369697481
2022-03-29,175.18084716796875,175.22977935165113,172.6161644453855,172.95877935054617,100589400,1.9134314096756588
2022-03-30,174.0159912109375,175.81713189197046,172.9685794955082,174.77951856347462,92633200,-0.6649448132388325
2022-03-31,170.92269897460938,174.27047582290578,170.7171270473916,174.08448573079536,103049300,-1.7775907919741263
2022-04-01,170.6290283203125,171.18699858724577,168.30908127405286,170.35494237968112,78751300,-0.17181489413556905
2022-04-04,174.67181396484375,174.72076108227714,170.75628355518236,170.8835430731966,76468400,2.3693422416623866
2022-04-05,171.36318969726562,174.53477477488693,170.73670541562527,173.7516656886956,73401800,-1.894194714348163
2022-04-06,168.2013702392578,169.96336160580736,166.53727309062347,168.7201767337751,89058800,-1.8450983922472242
2022-04-07,168.50486755371094,169.69910564386342,166.26323274049562,167.54556668896316,77594700,0.18043688587163764
2022-04-08,166.49815368652344,168.15246782773184,165.62694868711696,168.15246782773184,76575500,-1.190893709078078
2022-04-11,162.24978637695312,165.46052001953282,162.0050657338506,165.1472853633742,72246700,-2.551600252318098
2022-04-12,164.11949157714844,166.2828141709391,163.12102695263263,164.4718899777678,79265200,1.1523621953199115
2022-04-13,166.80162048339844,167.42810486793778,163.24828613297083,163.85518867958416,70618900,1.6342537260354506
2022-04-14,161.79949951171875,167.65322825491936,161.55477886000992,167.01694559853848,75329400,-2.998844350062857
2022-04-18,161.58416748046875,163.08185675186522,160.11584349387897,160.45844346214486,69023900,-0.13308572146381037
2022-04-19,163.86497497558594,164.27611889634176,160.44868355818875,161.5352440651779,67723800,1.4115290691415483
2022-04-20,163.69854736328125,165.31371275678185,162.59242008519655,165.19623667762264,67929800,-0.10156387130897393
2022-04-21,162.90567016601562,167.90776176039836,162.40644532626558,165.3430936610523,87227800,-0.4843520055838102
2022-04-22,158.3734130859375,164.32502122927878,158.08954369720692,162.94480808191494,84882400,-2.782135867621638
2022-04-25,159.4404296875,159.72429911751857,155.11376965466397,157.71758646013552,96046400,0.6737346760238738
2022-04-26,153.4888153076172,158.91181906878418,153.4105028966986,158.82372320771267,95623200,-3.7328138111192066
2022-04-27,153.26368713378906,156.41567600749497,152.0988142121799,152.61762090114706,88063200,-0.14667399274463921
2022-04-28,160.18435668945312,161.04577820352466,155.57381282317428,155.88706244158715,130216800,4.515531164027631
2022-04-29,154.32083129882812,162.69028026576655,153.9292842451666,158.42235165998022,131747600,-3.6604856502888916
2022-05-02,154.6243133544922,154.88860092145774,150.0333512355366,153.4007100151784,123055300,0.19665657131953118
2022-05-03,156.1122283935547,157.31626501989302,153.01897002538345,154.81031244687898,88966500,0.9622775401765482
2022-05-04,162.51412963867188,162.96440737050813,155.89687222909777,156.29821776928353,108256500,4.100832658014575
2022-05-05,153.45945739746094,160.6150881198339,151.67788357069364,160.38994926297363,130525300,-5.571621533058558
2022-05-06,154.1848602294922,156.30235682996496,151.1458596477854,152.93984857664353,116124600,0.4726999849559377
2022-05-09,149.06759643554688,152.76341048572758,148.50882129057032,151.8811126841976,131577900,-3.318914571981102
2022-05-10,151.46939086914062,153.6555174482576,149.92048190900607,152.45952464307155,115366700,1.611211618772046
2022-05-11,143.61705017089844,152.39092157530175,142.9406261760487,150.47929830193112,142689800,-5.184110567280276
2022-05-12,139.75454711914062,143.32291464808353,136.06854586723028,139.9604210928437,182602000,-2.6894460282825716
2022-05-13,144.21499633789062,145.18551933414366,140.29371306035543,141.74458368466105,113990900,3.19163083470011
2022-05-16,142.6759033203125,144.616949555646,141.3426662408205,142.68571610317943,86643800,-1.067221202136348
2022-05-17,146.30308532714844,146.82265416778552,143.79345144967377,145.93055862687706,78336300,2.5422527017002983
2022-05-18,138.048828125,144.46012170643934,137.14691952570857,143.96016331731076,109742900,-5.641888674931961
2022-05-19,134.64706420898438,138.87224434894858,133.91182362893937,137.127274568989,136095600,-2.464174424527099
2022-05-20,134.8823699951172,137.93116906609265,130.00037534307543,136.3528515735585,137426100,0.17475745759119032
2022-05-23,140.29371643066406,140.4407585737006,134.941158046499,135.07840236616943,117726300,4.011900469826246
2022-05-24,137.59786987304688,139.176187438702,134.6274981436638,138.03901137531423,104132700,-1.9215732722780432
2022-05-25,137.7546844482422,138.99968110716551,135.61757730341805,135.70580258630076,92482700,0.11396584506722096
2022-05-26,140.9505157470703,141.49949297179575,134.4411865880973,134.68626677474316,90601500,2.3199438274121853
2022-05-27,146.69522094726562,146.73442720207444,142.40141055796454,142.5288570634857,90978500,4.075689379174707
2022-05-31,145.9109649658203,147.69515625482543,143.95032308788612,146.13644955191023,103718400,-0.5346159038999931
2022-06-01,145.78353881835938,148.75391017683245,144.773794451972,146.95010821381516,74286600,-0.08733144043752139
2022-06-02,148.2343292236328,148.2931460840145,143.96992734384497,144.9208398093746,72348100,1.6811160060581587
2022-06-03,142.51907348632812,145.05810131692076,141.61717995046743,144.0091506541789,88570300,-3.85555476065359
2022-06-06,143.26406860351562,145.64625571792195,142.04846553260185,144.13655344098794,71598400,0.5227336236219404
2022-06-07,145.78353881835938,146.06782531945106,141.26425852389363,141.50933876771822,67808200,1.7586197567907913
2022-06-08,145.0482940673828,146.92069570984725,144.5581335933167,145.65608826850138,53950200,-0.504340035189188
2022-06-09,139.8330078125,145.0385107098106,139.72517188798733,144.1856360986281,69473000,-3.595551597773383
2022-06-10,134.43142700195312,137.98998215242344,134.3627973500884,137.5194322486073,91437900,-3.8628796555601363
2022-06-13,129.2847137451172,132.53937106937602,128.85337019356888,130.25522177759234,122207100,-3.8285045183379385
2022-06-14,130.1473846435547,131.25515193955982,128.8925752102517,130.51011351307002,84784300,0.66726442241134
2022-06-15,132.7648468017578,134.63726323315953,129.5592083618082,131.64728162043858,91533000,2.0111523296236777
2022-06-16,127.50054168701172,129.784691319241,126.50061011925013,129.48079421494845,108123900,-3.965134778942403
2022-06-17,128.9709930419922,130.4610847422451,127.25543176187765,127.51032472551074,134520300,1.1532902805935885
2022-06-21,133.1962127685547,134.36279718069025,130.69640612370614,130.79442925101708,81000500,3.2761007935999897
2022-06-22,132.68646240234375,135.04902480535304,131.27479767249656,132.1374700396713,73409200,-0.3827063514911577
2022-06-23,135.54898071289062,135.86267563561398,132.96093402675356,134.1275183400123,72433800,2.157355210712364
2022-06-24,138.8722381591797,139.1173183416044,137.01943257838917,137.1468641014651,89116800,2.4517022767792884
2022-06-27,138.8722381591797,140.66622688954945,138.19581446232633,139.8917651363233,70207900,0.0
2022-06-28,134.73532104492188,140.59763645444562,134.61768731128618,139.33302894232776,67083400,-2.978937452938546
2022-06-29,136.49009704589844,137.90176176618252,133.9804775247322,134.75493953918553,66242400,1.3023875160333764
2022-06-30,134.0294952392578,135.6470189893978,131.13755113159218,134.54906419941244,98964500,-1.8027694755123336
2022-07-01,136.19595336914062,136.3037892489926,132.99031531614665,133.36282702594735,71051600,1.6164040057119022
2022-07-05,138.7742462158203,138.82326526029516,134.23535494237336,135.05883599741875,73353800,1.893075956296264
2022-07-06,140.107421875,141.28380363283725,138.30363551574916,138.5683262727769,74064300,0.9606794455985446
2022-07-07,143.46995544433594,143.66601661315485,140.46036340026106,140.4701612232241,66253700,2.3999681989266053
2022-07-08,144.1463623046875,144.646335480772,142.14651447587394,142.4013924960781,64547800,0.4714623756985725
2022-07-11,142.0190887451172,143.7542609845207,140.95054251842944,142.8033484830433,63141600,-1.4757733220307157
2022-07-12,142.98959350585938,145.5286208059207,142.19553604555907,142.89155544175705,77588800,0.6833621939962953
2022-07-13,142.62686157226562,143.56796105129766,139.32317069836506,140.17605986446435,71185600,-0.2536771555888717
2022-07-14,145.54824829101562,146.01879814456234,140.4309718883509,141.244640047542,78140700,2.0482724548137154
2022-07-15,147.21478271484375,147.8912065060331,145.2835494113212,146.83245817528143,76259900,1.1450047962761944
2022-07-18,144.17584228515625,148.58728756952976,143.8131132788738,147.77361919983474,81420900,-2.0642902659945173
2022-07-19,148.0284423828125,148.25391198084102,144.01893385798232,145.0090524915063,82982400,2.6721536955105485
2022-07-20,150.02828979492188,150.6949157224323,147.41083503397255,148.1460756395822,64823400,1.3509886207798028
2022-07-21,152.2928466796875,152.50851845862235,148.94994906470606,151.45956799212024,65086600,1.5094199153113719
2022-07-22,151.0576629638672,153.2045683993023,150.39105184778396,152.33208328648058,66675400,-0.8110582622558926
2022-07-25,149.9400634765625,151.9889303599999,149.28325033510924,150.97920113195147,53623900,-0.7398495815283623
2022-07-26,148.6166534423828,150.07732200029463,147.83239373585778,149.2636538636445,55138700,-0.8826260330258906
2022-07-27,153.7045135498047,154.2338952339947,149.1656377708993,149.5773707705413,78620700,3.4234791253689334
2022-07-28,154.2534942626953,154.53778073211737,151.37134852302864,153.8907653704556,81378700,0.3571662927860153
2022-07-29,159.3119354248047,160.409904944982,156.36117506106663,158.0669387195233,101786900,3.2793041002330936
2022-08-01,158.3316192626953,160.3706884793457,157.72382510643268,157.84145882480365,67829400,-0.6153438281289891
2022-08-02,156.8611297607422,159.2139087149108,156.4886180191764,156.94937000342367,59907000,-0.9287402660320021
2022-08-03,162.86070251464844,163.3116417148104,157.58657171952115,157.67479700322565,82507500,3.824767017206443
2022-08-04,162.5469970703125,163.89984462441896,161.19414951620604,162.7430582477967,55474100,-0.19262193978791808
2022-08-05,162.3212432861328,162.81208464474912,160.0142829089203,160.22044287042655,56697000,-0.13888523826868227
2022-08-08,161.85003662109375,164.73618641729826,161.19231095001098,163.32256080452132,60276900,-0.2902926662583738
2022-08-09,161.89907836914062,162.78260161908204,160.2596703687026,161.01557009848565,63135500,0.030300733364474475
2022-08-10,166.13998413085938,166.23814341245296,163.8428352480907,164.60854654925055,70170500,2.619474925020393
2022-08-11,165.40370178222656,167.85790820975464,165.10919401506573,166.9449356294848,57149200,-0.44316986815942094
2022-08-12,168.9475860595703,169.01629605421468,166.29703098384925,166.70935086886797,68039400,2.1425664837959157
2022-08-15,170.0176239013672,170.2139574393794,168.21133138479297,168.37821564106778,54091700,0.6333549160149499
2022-08-16,169.86056518554688,170.52811724537264,168.51566461022102,169.61514449782814,56377100,-0.09237790307634608
2022-08-17,171.35272216796875,172.9234055360259,169.40899457207655,169.6053281206725,79542000,0.878459918458363
2022-08-18,170.9600372314453,171.69629926083016,169.9489052427666,170.56737014082248,62290100,-0.22916760910194345
2022-08-19,168.37818908691406,170.5575254675204,168.1720291679761,169.8605242913159,70346300,-1.5102056517664164
2022-08-22,164.50059509277344,166.74864212900974,164.07846369670224,166.58175784940187,69026800,-2.3029075292756995
2022-08-23,164.1667938232422,165.61969500518398,163.597416059393,164.0195474098714,54147100,-0.20291797080915774
2022-08-24,164.46128845214844,165.03066617037743,163.2047358944321,164.25514348994625,53841500,0.17938745226597774
2022-08-25,166.9154815673828,167.02346724627097,165.2662620854037,165.688378388784,51218200,1.492261880186141
2022-08-26,160.62289428710938,167.91680343416758,160.56399573070382,167.44560000363606,78961000,-3.7699242881392925
2022-08-29,158.42393493652344,159.91608162954805,156.89251255304256,158.19813716461735,73314000,-1.3690198774872986
2022-08-30,155.9991912841797,159.58232691391927,154.83098655063566,159.1602105704912,77906200,-1.5305412362818016
2022-08-31,154.3401336669922,157.63858767600124,154.2615972644816,157.3735291899389,87991100,-1.0635039858413409
2022-09-01,155.0665740966797,155.51813965771387,151.83683028732435,153.77074600824525,74229900,0.4706750035962104
2022-09-02,152.95596313476562,157.42262194968552,152.13135334781393,156.82379496598037,76957800,-1.3610998851358858
2022-09-06,151.69940185546875,154.21250676362826,150.8747921160952,153.60386838160778,73714800,-0.8215183334759901
2022-09-07,153.1032257080078,153.80021196934476,150.79626559392008,151.9841081371773,87449600,0.9253984098609447
2022-09-08,151.63070678710938,153.49589780674214,149.88329791132227,151.8074024718103,84923800,-0.9617817744132728
2022-09-09,154.48741149902344,154.92918072545984,151.91540745534934,152.62222024249937,68028800,1.8839882583445933
2022-09-12,160.43641662597656,161.2512151668514,156.38207675156147,156.6667581794377,104956000,3.850802514734819
2022-09-13,151.02207946777344,157.59935128029267,150.56068735003652,156.9710748828432,122656600,-5.867955266135527
2022-09-14,152.4651336669922,154.22235404144757,150.79627611743592,151.95465448242936,87965400,0.9555253141158682
2022-09-15,149.5789794921875,152.3964188629796,148.60712326254628,151.81721471946022,90481100,-1.8929929127983414
2022-09-16,147.93959045410156,148.577693242223,145.65226780231728,148.44025825358446,162278800,-1.0960022883239162
2022-09-19,151.65029907226562,151.72883546494634,146.36885773323408,146.57500265714634,81474200,2.5082593555748156
2022-09-20,154.02597045898438,155.1843635395565,150.2759512881002,150.59008188296497,107689800,1.5665457973061292
2022-09-21,150.90426635742188,155.8323177224437,150.78646922639234,154.45795295017905,101696800,-2.0267387975288154
2022-09-22,149.94219970703125,151.6405063427645,148.14571882351763,149.58879338602387,86652500,-0.637534427364661
2022-09-23,147.67449951171875,148.6954577569954,145.83875792782328,148.42058784002563,96029900,-1.5123829047081538
2022-09-26,148.00828552246094,150.95333323742267,146.8989794231201,146.91861726875362,93339400,0.22602819839974142
2022-09-27,148.9801483154297,151.88593544780034,147.20330517830297,149.9422080635759,84442700,0.6566272891670444
2022-09-28,147.09530639648438,147.8806554147203,142.18689375661808,144.93560783080054,146691400,-1.2651631376783268
2022-09-29,139.8701171875,144.03245634378814,138.103085707034,143.4238179924611,128138200,-4.911910098279693
2022-09-30,135.6685333251953,140.4787870882612,135.47219979960417,138.69211755301987,124925300,-3.0039181683621075
2022-10-03,139.84066772460938,140.44932105441077,135.16786446408517,135.67834355315813,114311700,3.0752410283772402
2022-10-04,143.42381286621094,143.541609967603,141.61750576224773,142.3734054478465,87830100,2.562305515201002
2022-10-05,143.7183380126953,144.68039782185656,140.39043433471556,141.43103055560152,79471000,0.20535303071262945
2022-10-06,142.76608276367188,144.8374334955695,142.5599378213271,143.13912691743977,68402200,-0.6625843731502989
2022-10-07,137.52389526367188,140.47876912027488,136.89561907456743,139.9290143479333,85925600,-3.671871776910529
2022-10-10,137.84788513183594,139.2909599221613,136.03178109548642,137.84788513183594,74899000,0.23558805365633262
2022-10-11,136.43423461914062,138.76083241469453,135.68816128454225,137.33738075448184,77033700,-1.0255148356779764
2022-10-12,135.8059539794922,137.78895683135124,135.6292583188671,136.5814915458878,70433700,-0.46050072505797734
2022-10-13,140.37078857421875,140.95978909716513,131.90867508719168,132.51732843397534,113224000,3.361291947049594
2022-10-14,135.84523010253906,141.87276009592642,135.65870802953629,141.66660017858484,88598000,-3.2240030263040564
2022-10-17,139.80145263671875,140.282467627112,137.70065202144465,138.48600126569377,85250900,2.9123013971071643
2022-10-18,141.1168975830078,144.01285874624452,138.03441429758362,142.8250309880353,99136600,0.9409379670090479
2022-10-19,141.224853515625,142.2948839097448,138.9080820775627,139.09460416043055,61758300,0.07650106717635996
2022-10-20,140.7634735107422,143.21768011702426,140.0370229627389,140.40025572638473,64522000,-0.32669887303636846
2022-10-21,144.5723876953125,145.14176534962488,140.03700430524796,140.25297565616944,86548600,2.705896700026833
2022-10-24,146.7124786376953,147.47818995640918,143.32567626964715,144.4938810962025,75981900,1.4802902383358685
2022-10-25,149.5495147705078,149.69677613929844,146.62410499116672,147.3407290522299,74732300,1.9337388061028804
2022-10-26,146.6143035888672,149.20594507644813,145.32828678897533,148.19481318791426,88194300,-1.9627019092271047
2022-10-27,142.14764404296875,146.31979510961392,141.48991849585923,145.35775035197634,109180200,-3.0465373681573094
2022-10-28,152.88723754882812,154.61499335183578,145.11231396636444,145.4853431294892,164762400,7.555238483314564
2022-10-31,150.5312042236328,151.4147275390832,149.13721674827332,150.35450854811523,97943200,-1.5410268135970906
2022-11-01,147.89051818847656,152.6025989544307,146.39837101303635,152.2393810863592,80379300,-1.7542449412901728
2022-11-02,142.3734130859375,149.38262560122348,142.34396380900958,146.22160672381153,93604600,-3.730533350020371
2022-11-03,136.33609008789062,140.1842842462697,136.2084665510831,139.45783369878677,97918500,-4.240484839962855
2022-11-04,136.07058715820312,140.28898493787645,132.1373429796548,139.71866273149064,140814800,-0.19474148739071495
2022-11-07,136.60159301757812,136.82775039724396,133.40583154940404,134.82180210827255,83374600,0.3902429396866136
2022-11-08,137.17190551757812,139.069688836373,135.19545550623369,138.06672226567505,89908500,0.4175006216264432
2022-11-09,132.61917114257812,136.23776400792798,132.34384521853534,136.18859544917655,74917800,-3.3189991476910596
2022-11-10,144.41891479492188,144.41891479492188,137.1719158689749,138.88288280173376,118854000,8.897464484722128
2022-11-11,147.20167541503906,147.5064994693465,141.9606252113591,143.3864383750097,93979700,1.9268671448395613
2022-11-14,145.80538940429688,147.7720118834529,144.96956884900007,146.48387656026793,73374100,-0.9485530696612843
2022-11-15,147.5359649658203,151.0267217594032,146.0806689942232,149.6795905900005,89868300,1.186907814994953
2022-11-16,146.30686950683594,147.36884742264508,144.831902680013,146.64120672406102,64218300,-0.8330819263419054
2022-11-17,148.20468139648438,148.95199258833983,143.71094152135225,143.98626748699053,80389400,1.2971447588520535
2022-11-18,148.76513671875,150.15160903599656,147.46717380781297,149.76811828911318,74829600,0.37816303573181553
2022-11-21,145.5398712158203,147.8604860232478,145.2547175972566,147.65399909356225,58724100,-2.168025099205373
2022-11-22,147.67367553710938,147.9096756373434,144.47791399161687,145.65789948864827,51804100,1.4661304173650525
2022-11-23,148.54884338378906,149.29615456069408,146.84770405367206,146.95586889544748,58301400,0.5926363270207569
2022-11-25,145.63818359375,146.3953372169929,144.66470036386627,145.8348427804778,35195900,-1.9593957944991303
2022-11-28,141.8131103515625,144.19272111621666,140.9871327315936,142.7177546502144,69246000,-2.626421964213277
2022-11-29,138.8140411376953,142.393293327039,138.00773375100172,141.88196729880755,83763800,-2.1148039179398337
2022-11-30,145.5595245361328,146.23801151936658,138.20436253781247,139.04016787618127,111380900,4.859366778139096
2022-12-01,145.8348846435547,146.64120704597445,144.16325857031342,145.73656252403373,71250400,0.18917354140814968
2022-12-02,145.3431854248047,145.5300169012177,143.21923022579475,143.52406921601985,65447400,-0.33716159199618234
2022-12-05,144.1829071044922,148.4013049961633,143.33725898348703,145.3038811249747,68826400,-0.7983025257918164
2022-12-06,140.52499389648438,144.8417290558683,139.55151049910586,144.61557170242608,64727200,-2.5369950443271727
2022-12-07,138.587890625,140.97732977170875,137.663575645007,139.817029693259,69721100,-1.3784759691299553
2022-12-08,140.26930236816406,141.1247931057231,138.7451823842777,139.98414879173407,62128300,1.2132457861803614
2022-12-09,139.78749084472656,143.14058484738695,138.5485094221092,139.96447961702353,76097000,-0.3434903541281509
2022-12-12,142.07859802246094,142.08842573001988,138.70583381716978,140.3184631007223,70462700,1.6389929913537715
2022-12-13,143.04226684570312,147.4671667934874,141.83279839446703,147.00500937638787,93886200,0.6782645920322627
2022-12-14,140.82000732421875,144.2124280542218,138.80421630941913,142.9242927483946,82291200,-1.5535684455290966
2022-12-15,134.221923828125,139.43347405451232,133.75976655307488,138.754987203731,98931900,-4.685473052776201
2022-12-16,132.26516723632812,135.35276341025192,131.49818579850947,134.40879318099954,160156900,-1.4578516951541776
2022-12-19,130.16085815429688,132.94362978303496,129.12839371956332,132.85513540362356,79592600,-1.590977523410475
2022-12-20,130.09207153320312,131.02621414919912,127.72228799900502,129.19725476241064,77432800,-0.052847393655175434
2022-12-21,133.1894989013672,134.52680273214906,130.53456166494178,130.7607190395491,85928000,2.3809501468146754
2022-12-22,130.0232391357422,132.31435609146064,128.12545567267372,132.10786913644063,77852100,-2.377259312289892
2022-12-23,129.65940856933594,130.21006041152802,127.4764566205478,128.7350936895975,63814900,-0.27981964518389857
2022-12-27,127.85993957519533,129.21691367798962,126.57180445054809,129.18741554567987,69007800,-1.3878429756821964
2022-12-28,123.9365463256836,128.84326718347396,123.76938521978283,127.5059633321295,85438400,-3.068508606016007
2022-12-29,127.44695281982422,128.30242867918332,125.5983306446105,125.8539861302219,75703700,2.832422395340828
2022-12-30,127.76161193847656,127.78128236285382,125.30334153820444,126.26698977683236,77034200,0.24689418749554992
2023-01-03,122.98272705078124,128.7154254385632,122.0977455022682,128.1057773178633,112117500,-3.7404700951930603
2023-01-04,124.2511749267578,126.5127931614496,122.99253808389425,124.7723285411872,89113600,1.0314032762119618
2023-01-05,122.93353271484376,125.63763785036863,122.67787726715528,125.0083194371755,80962700,-1.0604666013747877
2023-01-06,127.456787109375,128.11560378272642,122.80572954739812,123.90704074173942,87754700,3.679430904359804
2023-01-09,127.97791290283205,131.18351617146814,127.72225745979352,128.29257960577254,70790800,0.40886468682899135
2023-01-10,128.54824829101562,129.06940194282927,125.98180587179893,128.0860909010472,63896200,0.4456514215985141
2023-01-11,131.26222229003906,131.2818777117784,128.2827904454057,129.05959971999454,69458900,2.1112493053031534
2023-01-12,131.1835479736328,132.019353473187,129.2464237509339,131.6457054280313,71379600,-0.059936754866463104
2023-01-13,132.51100158691406,132.6683349676498,129.46274610687885,129.8265664212103,57809700,1.0119055581177427
2023-01-17,133.67132568359375,134.99878678874634,131.89153482883353,132.57984966159466,63646600,0.87564359395369
2023-01-18,132.9534912109375,136.29674271738915,132.7764874230637,134.53662257229425,69672800,-0.5370145534094539
2023-01-19,133.012451171875,133.97609151889074,131.53748502671291,131.8423089627187,58280400,0.04434630516316762
2023-01-20,135.56907653808594,135.71658218378784,131.97999755468973,133.02230476612493,80223600,1.922094769088445
2023-01-23,138.75502014160156,140.9281441212582,135.59858513124948,135.81491475833332,81760300,2.35005185907613
2023-01-24,140.15133666992188,140.77082749424633,137.95855701188813,137.96838472187488,66435100,1.0063178448573185
2023-01-25,139.49252319335938,140.05300275817604,136.49342112366645,138.53871015801215,65799300,-0.47007291704546095
2023-01-26,141.55746459960938,141.8426182007582,139.53183124401357,140.78064047196506,54105100,1.4803240768594073
2023-01-27,143.4945831298828,144.77289057415177,140.69215546789684,140.77082215722044,70555800,1.3684326261087731
2023-01-30,140.61346435546875,143.12091025214485,140.46597371619012,142.54076039880331,64015300,-2.0078240666452474
2023-01-31,141.88194274902344,141.93111130163894,139.9054929686203,140.31848180314623,65874500,0.9021030805044239
2023-02-01,143.00291442871094,144.16322923439725,138.96152054070433,141.56728874190614,77663600,0.7900735343541188
2023-02-02,148.302978515625,148.65695608667727,145.69719525256042,146.41500811186492,118339000,3.706262986378661
2023-02-03,151.9215850830078,154.75352622762708,145.3629009773319,145.5595602225663,154357300,2.440009367041518
2023-02-06,149.19776916503906,150.54491539574025,148.26362674506663,150.0237617823619,69858300,-1.7929090961501637
2023-02-07,152.06903076171875,152.63935290701122,148.12595929659778,148.12595929659778,83322600,1.9244668420635547
2023-02-08,149.38461303710938,152.0002240332312,148.64712974900905,151.31190929849808,64120100,-1.7652625989414417
2023-02-09,148.35211181640625,151.75437415824857,147.90962490884843,151.21355015828513,56007100,-0.6911697260591598
2023-02-10,148.71652221679688,149.04151212756338,146.95371454850684,147.19007494553122,57450700,0.24563883582702228
2023-02-13,151.51339721679688,151.91715888947925,148.62788900472555,148.65743217523777,62199000,1.880675367006468
2023-02-14,150.87326049804688,151.43461079325414,148.56880303013764,149.8096612758476,61707600,-0.422495126179534
2023-02-15,152.97091674804688,153.13833305811258,150.5581292969133,150.78463194852628,65573800,1.390343287521878
2023-02-16,151.37551879882812,153.95572244720177,151.02098573800205,151.17854429955682,68167900,-1.0429420069740902
2023-02-17,150.233154296875,150.6763169294936,148.55897600306773,150.03619479649413,59144100,-0.7546560441330508
2023-02-21,146.22494506835938,149.00212332766463,146.15601601247863,147.91882364629484,58867200,-2.667992459637125
2023-02-22,146.64842224121094,147.67262055430007,144.9250004924314,146.60902132895072,51011300,0.28960665545374464
2023-02-23,147.13095092773438,148.0566768897737,145.0037677901394,147.810473815914,48394200,0.3290377619813434
2023-02-24,144.48184204101562,144.9545478123535,143.50687229977612,144.87576101262292,55469600,-1.8005109530080499
2023-02-27,145.67347717285156,146.90449291595675,145.2106140512802,145.46667494315656,44998500,0.8247646313213952
2023-02-28,145.1712188720703,146.81585399639758,144.60002580056587,144.81668575965537,50547000,-0.3447836287900796
2023-03-01,143.10308837890625,144.9939263960711,142.8076416515582,144.60000744430354,55479000,-1.4246146786068947
2023-03-02,143.69398498535156,144.481837933212,141.71450238763347,142.1872231725768,52238100,0.4129167393513766
2023-03-03,148.73622131347656,148.81500811176437,145.09241829817535,145.79162671403117,70732300,3.5090100178090333
2023-03-06,151.49371337890625,153.926201531547,151.1293375512549,151.4543124625378,87558000,1.8539479093112154
2023-03-07,149.29754638671875,151.69063299374776,148.83468341689917,151.3656431408717,56182000,-1.4496753318697708
2023-03-08,150.54824829101562,151.13914166926784,149.52405013269365,150.48916195859897,47204800,0.8377243528552292
2023-03-09,148.30288696289062,152.19289270805663,147.9483539187185,151.22778082054958,53833600,-1.4914562963128097
2023-03-10,146.24464416503906,148.64758887079853,145.36816171354923,147.92868001277867,68572400,-1.3878642823498044
2023-03-13,148.18470764160156,150.81415467329558,145.4567733693173,145.56510332314932,84457100,1.3265877103664225
2023-03-14,150.27252197265625,151.07021762009597,147.82034869008896,148.98242012042218,73695900,1.408926983278369
2023-03-15,150.6664581298828,150.92250395033966,147.64307677577528,148.8937927615987,77167900,0.26214783119047347
2023-03-16,153.4830322265625,154.08376844517147,149.33696504123728,149.84907174243986,76161100,1.869410173730679
2023-03-17,152.6459197998047,154.35949876084172,151.93685367986137,153.70951897971963,98944600,-0.5454104044036012
2023-03-20,155.0094757080078,155.42311016638172,151.80883520237765,152.71487589238697,73641400,1.5483911468468614
2023-03-21,156.8609161376953,156.9790888157361,154.1625247817563,154.93069227015488,73938300,1.1944046783146867
2023-03-22,155.43295288085938,159.67749219321786,155.41325242402124,156.88062840402722,75701800,-0.9103371904206181
2023-03-23,156.5162353515625,159.0964541870748,155.28521978995877,156.41776312286146,67622100,0.6969451783712
2023-03-24,157.81619262695312,157.9048221395663,155.45264879499626,156.44730394409444,59196500,0.8305574641957802
2023-03-27,155.87611389160156,158.32830230982592,155.47233717929535,157.5109061704178,52390300,-1.2293280575698118
2023-03-28,155.25567626953125,156.0829301456233,153.6110412861723,155.57082346557496,45992200,-0.39803251863320677
2023-03-29,158.32827758789062,158.60402382956926,156.92984592593675,156.9495313524544,51305700,1.9790589253723567
2023-03-30,159.89414978027344,160.00247975071784,158.82070781762587,159.07675364456475,49501700,0.9890034908726753
2023-03-31,162.3955535888672,162.4940408365555,159.45097422374334,159.9729235769942,68749800,1.5644123390575526
2023-04-03,163.64627075195312,163.76444342844442,161.725889623748,161.7751332479675,56976200,0.7701671230804452
2023-04-04,163.114501953125,164.3061166832112,162.60239523685718,164.06977129650792,46278300,-0.32495014789194476
2023-04-05,161.27288818359375,162.54330471265868,159.34266411557562,162.2380152446489,51511700,-1.1290312924233326
2023-04-06,162.15921020507812,162.45465692468338,159.5396056660462,159.9630677767464,45390100,0.549579059113392
2023-04-10,159.5691680908203,159.5691680908203,157.6487867222166,158.96843186504725,47716900,-1.5972217125270083
2023-04-11,158.35784912109375,159.89415417908276,158.07224508795338,159.88431146406083,47644200,-0.7591184338550439
2023-04-12,157.66848754882812,159.59871163720814,157.35334033527027,158.77147274218814,50133100,-0.43531885289657124
2023-04-13,163.0455322265625,163.28189260314673,158.96840964951016,159.17522685740187,68445600,3.41034835897005
2023-04-14,162.70086669921875,163.794009087704,161.33197803499354,162.09027277975596,49386500,-0.21139219372464657
2023-04-17,162.72052001953125,162.8780935823025,161.53874835283094,162.5826469088669,41516200,0.012079419557631255
2023-04-18,163.9417266845703,164.8674527745674,163.13417327770642,163.5773508935462,49923000,0.7504933396798918
2023-04-19,165.08412170410156,165.60607111909823,163.02585218946157,163.2819130529251,47720200,0.6968299301429504
2023-04-20,164.11898803710938,165.32046042282218,163.04554607797024,163.56749547193866,52456400,-0.5846314333743718
2023-04-21,162.51373291015625,163.92200731179602,161.99178358382397,162.5432760775303,58337300,-0.9781044510158377
2023-04-24,162.81906127929688,163.08496487632468,161.400928797878,162.49407133338445,41949600,0.18787850335664213
2023-04-25,161.2827606201172,163.78417796430023,161.2433597017252,162.68119268208375,48714100,-0.9435631474034478
2023-04-26,161.27288818359375,162.7698073781101,160.32747660698578,160.58352244501583,45498800,-0.00612119763171437
2023-04-27,165.8522491455078,165.99996498511996,162.68115222078845,162.68115222078845,64902300,2.839510728363037
2023-04-28,167.10293579101562,167.27036709773776,165.33028575815172,165.9310218332577,55275900,0.7540968856023955
2023-05-01,167.0143585205078,167.86129792357815,166.07878959348815,166.70906903109534,52472900,-0.05300760880622146
2023-05-02,165.9802703857422,167.76279339985444,164.99545801480568,167.50673256610264,48425700,-0.6191612169912042
2023-05-03,164.9068603515625,168.32416114075937,164.6212713207429,166.92572910723644,65136000,-0.6467094141279883
2023-05-04,163.27206420898438,164.50307988258416,161.81454585901537,162.38573893481126,81235400,-0.9913451381543092
2023-05-05,170.93386840820312,171.65277713876873,168.16653337978053,168.38319327562917,113453200,4.6926608273977655
2023-05-08,170.8649444580078,171.20963479482143,169.49605587870553,169.86043164324718,55962800,-0.04032199752872501
2023-05-09,169.16122436523438,170.90433143409618,168.9938080662103,170.42178299192224,45326900,-0.9971150596032041
2023-05-10,170.92405700683594,171.38692008917508,169.28926463206565,170.3922648627901,53724500,1.0421020823279559
2023-05-11,171.11114501953125,171.9383837832071,169.55513971049686,171.2096322648924,49514700,0.109456805537822
2023-05-12,170.1841583251953,171.653548851867,168.6358569767775,171.21962961924467,45533100,-0.5417453633602465
2023-05-15,169.69110107421875,170.8153397179057,169.0993901889802,170.766027969497,37266700,-0.28971982811373254
2023-05-16,169.69110107421875,170.74630026056693,169.4248296710781,169.61220528633143,42110300,0.0
2023-05-17,170.30252075195312,170.53919306240596,168.06389984598047,169.33607370599472,57951600,0.36031334222232925
2023-05-18,172.62986755371094,172.81724313624747,170.19401507639674,170.60820660461047,65496700,1.3665956272882251
2023-05-19,172.73834228515625,173.9513327998332,172.5213826746833,173.9513327998332,55809500,0.06283659541796993
2023-05-22,171.7916259765625,172.2945846931845,171.0519949677244,171.57466634347682,43570900,-0.5480637917845144
2023-05-23,169.1881103515625,170.9829553293692,168.9119826700276,170.7364116817252,50747300,-1.5155078777560393
2023-05-24,169.46424865722656,170.03623176135926,168.16250594092847,168.72461766792532,45143500,0.16321377730992292
2023-05-25,170.59835815429688,171.49576564962197,169.31632809947834,170.02637505144455,56058300,0.6692323047820414
2023-05-26,173.0045928955078,173.3399036765556,170.7166757800904,170.92377905521317,54835000,1.4104677015910339
2023-05-30,174.84878540039062,176.51542312806916,174.1288820495124,174.5134895983742,55964400,1.065978928083533
2023-05-31,174.79942321777344,176.8703956050701,174.31619231465004,174.87831898039528,99625300,-0.028231355742136532
2023-06-01,177.60020446777344,177.6297885060057,174.4838886927619,175.243247452332,68901800,1.60228288997879
2023-06-02,178.4482879638672,179.2668146743205,176.78165050926717,178.52718373632618,61996900,0.47752394127882347
2023-06-05,177.09722900390625,182.39298156722955,175.57851175717974,180.10506441660397,121946500,-0.7571151146232968
2023-06-06,176.7323760986328,177.62978364684955,174.97697127382227,177.48186345973468,64848400,-0.20601841560456968
2023-06-07,175.361572265625,178.70470351330488,174.8684849721747,175.97299569419778,61944600,-0.7756382069139311
2023-06-08,178.07354736328125,178.3398036598064,175.00654388250445,175.44044804834044,50214900,1.5465047801626275
2023-06-09,178.45819091796875,179.71062202681557,178.1327514419261,178.9907186665087,48900000,0.2160026350813471
2023-06-12,181.24903869628903,181.34766218390052,178.468033910057,178.76388932505995,54274900,1.5638664518364154
2023-06-13,180.7756805419922,181.60406367252176,179.91771337450308,180.27273686584888,54929100,-0.26116450476189046
2023-06-14,181.4068145751953,181.84073380664427,179.50350482104812,180.83483150172444,57462900,0.3491255191577114
2023-06-15,183.43833923339844,183.94129793003785,181.23917400121888,181.4166932611595,65433200,1.1198722952940887
2023-06-16,182.36341857910156,184.4048073735327,181.7224110612984,184.14839232814637,101256200,-0.5859847285954789
2023-06-20,182.45216369628903,183.52710548415504,181.8604679443372,181.8604679443372,49799100,0.04866388110014164
2023-06-21,181.41668701171875,182.84663717983523,180.0656175699355,182.34367850052172,49515700,-0.5675332446558157
2023-06-22,184.4146423339844,184.46395407144703,181.1306792503188,181.19971869233248,51245300,1.652524567418645
2023-06-23,184.0990753173828,184.96691381940127,182.45216546765664,182.98470820219737,53117000,-0.17111820005598632
2023-06-26,182.7085723876953,185.4501365723536,182.6691169769034,184.24700235631448,48088700,-0.7553014197873131
2023-06-27,185.4600067138672,185.78544616190248,183.10304984582177,183.32000947784528,50730800,1.50591419450945
2023-06-28,186.63351440429688,187.2745217767789,185.0063325831792,185.33175690914044,51216800,0.6327551212915727
2023-06-29,186.9688415527344,187.4422162021352,186.32783407243755,186.4658979165552,46347300,0.17967145370854087
2023-06-30,191.28829956054688,191.79124321876165,188.61575961709715,188.9806544729763,85213200,2.310255533456984
2023-07-03,189.79916381835935,191.19952989799955,189.10882958307744,191.1009064221508,31458200,-0.7784771706416782
2023-07-05,188.6847991943359,190.31198136153697,187.98460856583768,188.9214865295673,46920300,-0.58712831058092
2023-07-06,189.15817260742188,189.36527592182696,186.58425595947688,187.21540718494305,45094300,0.25088052408419603
2023-07-07,188.04379272460935,190.00628587990153,187.60988847797856,188.76371112125616,46815000,-0.5891259507593727
2023-07-10,186.0023956298828,187.36332142042107,184.4540942539423,186.6434031135775,59922200,-1.085596639563724
2023-07-11,185.47970581054688,186.68283993061024,184.02017173211044,186.5447760995126,46638100,-0.28101241253688514
2023-07-12,187.14634704589844,189.04965668897157,185.864317131752,187.0575799007695,60750200,0.8985571915096191
2023-07-13,187.9056854248047,188.5467078881079,187.1561982107916,187.86624506525828,41342300,0.4057457657562713
2023-07-14,188.05364990234375,188.53686585918993,187.00830716161784,187.6000029338883,41616200,0.07874401309602153
2023-07-17,191.30799865722656,191.6334380513428,189.15813040004863,189.24688249449068,50520200,1.730542723617856
2023-07-18,191.0516357421875,191.64334662878233,189.75974918921617,190.67689955865484,48288200,-0.13400533006380222
2023-07-19,192.40264892578125,195.48936484547627,189.98650938817815,190.43029994672796,80507300,0.7071455726329612
2023-07-20,190.4599151611328,193.7537348839622,189.8386203157028,192.39280905028917,59581200,-1.0097229822432663
2023-07-21,189.28634643554688,192.2744541324422,188.58615588066945,191.4164870851642,71951700,-0.6161762303595886
2023-07-24,190.0851287841797,192.21526924740337,189.59204154997948,190.73600754480273,45377800,0.42199681259356137
2023-07-25,190.9431304931641,191.75180092732495,190.25281124926505,190.65714646634552,37283200,0.4513776087968324
2023-07-26,191.81097412109375,192.93521264770516,190.6472952285623,190.9924473358141,47471900,0.45450371829989233
2023-07-27,190.54867553710935,194.4736466049838,189.88794029801272,193.3099676892758,47460200,-0.6580950802051011
2023-07-28,193.12255859375,193.9115012215071,191.45592124266815,191.9785925358936,48291400,1.350774572106328
2023-07-31,193.73399353027344,193.77344894031904,192.56044337061044,193.34938604539337,38824100,0.31660461676548124
2023-08-01,192.90560913085935,194.0101198390568,192.58016971551623,193.52690392813537,35175100,-0.4275885632247789
2023-08-02,189.91749572753903,192.48154051645844,189.19759252290805,192.3434766820384,50389300,-1.5490028604058348
2023-08-03,188.5270233154297,189.71042999433632,188.0536636534335,188.9215022402868,61235200,-0.7321455070701588
2023-08-04,179.47393798828125,184.7894189873242,179.40489853673822,182.95513345446872,115956800,-4.802009371357585
2023-08-07,176.3773193359375,180.59814508763776,174.89805755245857,179.61197056531847,97576100,-1.7253862522066843
2023-08-08,177.31419372558594,177.77769698523286,175.12488493894773,177.205713919119,67823000,0.531176226725627
2023-08-09,175.72647094726562,178.42857997538025,174.5627769846933,178.36941190145535,60378500,-0.8954290375521201
2023-08-10,175.50950622558594,178.25107058876787,175.14462641506705,176.9986245515979,54686900,-0.12346729579790772
2023-08-11,175.56875610351562,176.38838822312198,174.34425781198718,175.10464195853916,52036700,0.03375878560876178
2023-08-14,177.21792602539062,177.44504830503124,175.0947779746906,175.74653589173266,43675600,0.9393299573772884
2023-08-15,175.2329864501953,177.2376229940336,174.8379899652799,176.6451282666605,43622600,-1.1200557526617971
2023-08-16,174.36402893066406,176.30940286172734,174.2948962433497,174.91703015656563,46964900,-0.49588695435389685
2023-08-17,171.82608032226562,175.2922216904398,171.3125728746346,174.92684921501044,66062900,-1.4555459769788004
2023-08-18,172.3099822998047,172.91236175457905,169.81159252872837,170.14734105941557,61172200,0.28162312533202005
2023-08-21,173.6431121826172,173.92949746098708,171.56935789788312,172.88274314562352,46311900,0.7736811675210786
2023-08-22,175.01573181152344,175.46010661888187,174.04797988711957,174.84785755399471,42038900,0.7904831995078965
2023-08-23,178.8571319580078,179.28176749229362,176.1019960768648,176.28962468028294,52722800,2.194888486151192
2023-08-24,174.17636108398438,178.83739189345877,173.81097351698816,178.41275636104422,54945800,-2.6170445778602724
2023-08-25,176.37850952148438,176.91175631972774,173.62337343895007,175.16388093182096,51449600,1.264321073074992
2023-08-28,177.9387664794922,178.33376298082638,176.31925671498092,177.8400098200833,43820700,0.8846071793217947
2023-08-29,181.8196258544922,182.5898794390008,177.25735230499546,177.45485051956086,53003900,2.181008361349557
2023-08-30,185.30555725097656,185.50307057198083,182.4319252754348,182.62942352828824,60813900,1.9172470409075215
2023-08-31,185.52279663085935,186.75717945843076,185.1376697913831,185.49317264844964,60794500,0.11723306257274135
2023-09-01,187.09295654296875,187.5472010181368,185.92769123419916,187.12258052751665,45766500,0.8463433823896027
2023-09-05,187.3299560546875,187.6064566338381,185.26607135025952,185.92769881238064,45280000,0.1266747375731958
2023-09-06,180.6247711181641,186.49056063180015,179.2027597126584,186.0461707664675,81755800,-3.57934474428957
2023-09-07,175.3416290283203,175.98351721110967,171.3718491931888,172.99135904079122,112488800,-2.924926662682148
2023-09-08,175.953857421875,177.9881329660241,175.56873058484743,176.121746745329,65551300,0.34916317188760093
2023-09-11,177.119140625,178.0473990105972,175.12437356668377,177.82027676778657,58953100,0.662266357895791
2023-09-12,174.09738159179688,177.8795329175836,172.63587633671216,177.2475294233725,90370200,-1.706060125709874
2023-09-13,172.03347778320312,175.08486860955094,171.8063404869434,174.30473020059844,84267900,-1.185488138720514
2023-09-14,173.54437255859375,173.89987544974738,171.41135521167203,171.82610607332606,60895800,0.8782562527130056
2023-09-15,172.823486328125,174.29487626046748,171.64836639188815,174.27512191376346,109259500,-0.41539015056529793
2023-09-18,175.7465057373047,177.13889330258442,173.96899129951683,174.27511585610648,67257600,1.6913322785480744
2023-09-19,176.83277893066406,177.38578010579235,174.91701409671836,175.3021409914078,51826900,0.6180909195333095
2023-09-20,173.2974853515625,177.45487842056565,173.20859833310675,177.0203732393163,58436200,-1.9992297810847326
2023-09-21,171.75697326660156,174.09737357666756,171.68785565712008,172.36923745366522,63149100,-0.8889408186366632
2023-09-22,172.6062469482422,174.86764517240317,171.87550181385268,172.48775099523908,56725400,0.4944624171516976
2023-09-25,173.88009643554688,174.75897636563758,171.97420160197885,172.02357992644104,46172700,0.7380089132501988
2023-09-26,169.81161499023438,173.01112622988728,169.5153600429677,172.63588402695854,64588900,-2.3398200994330542
2023-09-27,168.30068969726562,170.87808171574733,166.93794126401278,170.46333088230946,66921800,-0.889765575255641
2023-09-28,168.55747985839844,169.8807348967939,165.52582779726043,167.2243401117975,56294400,0.15257819893352842
2023-09-29,169.07098388671875,170.9077464641982,168.21184303928078,169.8708616906263,51861100,0.3046462421909091
2023-10-02,171.5792236328125,172.12235512412923,168.79444856905252,169.0808338409062,52164500,1.483542408302485
2023-10-03,170.24609375,171.46073744550782,168.6858469308082,170.1078434596355,49594600,-0.7769762880297515
2023-10-04,171.4903564453125,172.03348795172127,168.8339619515459,168.9524578917983,53020300,0.7308612302962203
2023-10-05,172.7247314453125,173.2579782200924,170.52258153582127,171.61871413723316,48527900,0.7197926609906036
2023-10-06,175.27252197265625,175.76627518846593,171.01635659512883,171.62862082907645,57266700,1.4750583231622594
2023-10-09,176.7537841796875,176.81303215553828,173.6036362062995,174.6010122921434,42390800,0.8451194690188402
2023-10-10,176.16123962402344,177.4746247468579,175.72673446240606,175.87486944103904,43698000,-0.3352372671476589
2023-10-11,177.55364990234375,177.60302823490863,175.38113888285298,175.9736336691769,47551100,0.7904180745390343
2023-10-12,178.4522705078125,180.06189553412176,176.80312172309905,177.82026707710477,56743100,0.5061121559387871
2023-10-13,176.6155242919922,179.65703072033497,175.91438812346496,179.15340788479125,51427100,-1.0292646939114691
2023-10-16,176.48715209960938,176.8426550206093,174.3047562379969,174.54176320804768,52517000,-0.07268454621836007
2023-10-17,174.93675231933594,176.19088966345473,172.61612132571108,174.44299912050275,57549400,-0.878477419930479
2023-10-18,173.6431121826172,175.36137864838344,172.9222367694585,173.3863659573123,54764400,-0.7394901983531099
2023-10-19,173.26785278320312,175.61810740546204,173.00122187734726,173.84059314667203,59302900,-0.21610957941101683
2023-10-20,170.72010803222656,173.2283676109075,170.48310107616433,173.11974130623128,64244000,-1.4704082205972524
2023-10-23,170.83859252929688,171.8359684831129,167.80694090892598,168.77470794688867,55980100,0.0694027777020434
2023-10-24,171.27310180664062,171.50022404547477,169.30795876796012,170.88797493724758,43816600,0.2543390640901144
2023-10-25,168.96231079101562,170.8978144354766,168.5179209624252,169.73256439395493,57157000,-1.3491850099344727
2023-10-26,164.80491638183594,169.23882483986895,163.60015755926395,168.24143389027685,70625300,-2.4605454256137915
2023-10-27,166.11830139160156,166.8490614359056,164.745668316651,164.82467062426355,58499100,0.7969331489618092
2023-10-30,168.1624298095703,169.0314401165317,166.7601727667049,166.90830774256386,51131000,1.2305257162183336
2023-10-31,168.63648986816406,168.76485546731004,165.80233595599515,167.23423244098677,44846000,0.28190604710611744
2023-11-01,171.79649353027344,172.05323977559237,167.9945877763323,168.86359824995364,56934900,1.8738552163768185
2023-11-02,175.3515167236328,175.55888462715336,173.26787764016203,173.32712561259646,77334800,2.06932232451702
2023-11-03,174.4429931640625,174.61088250590672,171.18423421755685,172.06311427874405,79829200,-0.5181155980545138
2023-11-06,176.99073791503906,177.18823614800198,174.00847994055556,174.17635419198152,63841300,1.4605027721465547
2023-11-07,179.54840087890625,180.1606499568927,176.73400192517136,176.9413698079054,70530000,1.4450829427554268
2023-11-08,180.6050262451172,181.15802736111343,179.32126504404005,180.07177947416378,49340300,0.5884905468601653
2023-11-09,180.13104248046875,181.81966995293175,179.53853262491765,180.67417400336535,53763500,-0.2624421781070141
2023-11-10,184.31369018554688,184.48180071812672,181.47581782404296,181.9108954867133,66133400,2.3220027195099524
2023-11-13,182.73159790039065,183.94782669363863,182.1482051958573,183.74018560328048,43627500,-0.858369382959856
2023-11-14,185.342041015625,186.0045400899508,184.21480130754796,185.59912547957177,60108400,1.4285668955061226
2023-11-15,185.90565490722656,187.3789832148446,185.67823345303117,185.7474572062222,53790500,0.3040939273750931
2023-11-16,187.5866546630859,188.82266388785249,186.5385061665612,187.4482222334322,54412900,0.9042219596268941
2023-11-17,187.5668487548828,188.24912816814668,186.4593894684262,188.12057839811112,50922700,-0.010558271449889745
2023-11-20,189.30715942382812,189.7620174322178,187.75473976876387,187.76462241033667,46505100,0.9278348921986757
2023-11-21,188.5062255859375,189.37638084971888,187.61630503925363,189.2676114417462,38134500,-0.423086924091165
2023-11-22,189.168701171875,190.7705639920827,188.6940779451469,189.34669431189823,39617700,0.3514343273694598
2023-11-24,187.84375,188.76333367409984,187.13180743837248,188.73367065803237,24048300,-0.7004071834648684
2023-11-27,187.66574096679688,188.5358962659671,186.7857030257735,187.79429075090235,40552600,-0.09476441627849219
2023-11-28,188.26890563964844,188.9413024556769,187.2800983304318,187.6558499360948,38415400,0.32140372011655316
2023-11-29,187.25045776367188,189.9400151741752,186.854940827776,188.7633319210795,43014200,-0.5409538407398551
2023-11-30,187.8239288330078,188.18979776505017,186.08363355367433,187.71515943504943,48794400,0.3062588343894612
2023-12-01,189.0995178222656,189.4159283197641,187.11200544734405,188.19969953750024,45704800,0.6791408300227175
2023-12-04,187.3097686767578,187.9228394923183,185.35193435249073,187.8536157357217,43389500,-0.9464588625709647
2023-12-05,191.2550811767578,192.22410797955845,188.0513405114985,188.08101860758427,66628400,2.1063036529656243
2023-12-06,190.1674346923828,192.58011192579391,189.95977851245675,192.27358406476233,41089700,-0.5686889350509872
2023-12-07,192.09559631347656,192.81742141001197,191.42319951100376,191.46276025185608,47477700,1.0139283964222257
2023-12-08,193.5194854736328,193.79635031367135,191.50231010992096,192.02637677770835,53406400,0.7412398761253325
2023-12-11,191.01779174804688,191.3243346926335,189.27749628821252,190.9485830810774,60943700,-1.292734795911188
2023-12-12,192.5306854248047,192.54056806660665,189.57414602172835,190.9189246189266,52696900,0.7920171534352871
2023-12-13,195.74432373046875,195.7838693885932,192.6691320471581,192.90643617191267,70404200,1.6691564248958013
2023-12-14,195.8926239013672,197.3857175620074,193.964452594447,195.8036348613561,66831600,0.07576218205063157
2023-12-15,195.35867309570312,196.1793699091571,194.7950456705572,195.3191123528845,128538400,-0.27257320619326064
2023-12-18,193.6974639892578,194.4291868327445,192.21425301938103,193.8952224343076,55751900,-0.8503380372733793
2023-12-19,194.73570251464844,194.74558515548247,193.69745188302565,193.96443406555753,40714100,0.5360103865108989
2023-12-20,192.6493377685547,195.46742966263125,192.6493377685547,194.69616113684165,52242800,-1.0713827609176163
2023-12-21,192.50099182128903,194.87413831888384,191.33420648650613,193.90511142023345,46482500,-0.07700309224206725
2023-12-22,191.43309020996097,193.22282892375424,190.81013681243016,192.9953923922105,37149600,-0.5547512255518527
2023-12-26,190.8892517089844,191.719846217368,190.6717128965979,191.44298138124012,28919300,-0.2840880332549034
2023-12-27,190.98812866210935,191.3342172608312,188.95118798803827,190.33552729492325,48087700,0.05179807256812108
2023-12-28,191.4133453369141,192.48125917871985,191.0079306668944,191.9670750871828,34049900,0.22264036921217922
2023-12-29,190.3750762939453,192.2241411947973,189.5840274029703,191.72973752393827,42672100,-0.5424224947018663
2024-01-02,183.5622100830078,186.3308738952772,181.83179708633995,185.05530386559408,82488700,-3.5786544875329285
2024-01-03,182.1877593994141,183.79952025374087,181.3769301071995,182.15809638511385,58414500,-0.7487655999413922
2024-01-04,179.87396240234375,181.0407479222471,178.85549196107084,180.11126652815247,71983600,-1.2700068350902538
2024-01-05,179.152099609375,180.7144169560074,178.15340966673114,179.953046197359,62379700,-0.4013158899307978
2024-01-08,183.48309326171875,183.52265400582175,179.46853775144191,180.05193047893468,59144500,2.4174953359670903
2024-01-09,183.0677795410156,183.07766218215255,180.68475037086023,181.8614334502317,42841800,-0.22634985780992656
2024-01-10,184.1060485839844,184.31368968460143,181.86145160567415,182.28664662503843,46792900,0.5671500717231215
2024-01-11,183.5127716064453,184.95643712674624,181.56481971672645,184.45213566932392,49128400,-0.32224741234857524
2024-01-12,183.8390350341797,184.64986419021457,183.1172099941003,183.9774674403319,40477800,0.17778785905651073
2024-01-16,181.5746612548828,182.1975994977323,178.90486988724322,180.1211135415678,65603000,-1.2317154400184216
2024-01-17,180.63531494140625,180.8825167727283,178.281963767062,179.24110807963172,47317400,-0.517333369636841
2024-01-18,186.5187225341797,187.02300881659585,183.75005912545993,184.0071435872404,78005800,3.2570638773939953
2024-01-19,189.4159393310547,189.80157360580037,186.70661676571424,187.21090309791916,68903000,1.5533115161369793
2024-01-22,191.71983337402344,193.1437182004387,190.1080727596782,190.14763349819023,60133900,1.2163147679679076
2024-01-23,192.9954071044922,193.55903452389103,191.66052626402544,192.83720939883855,42355600,0.6653321714401139
2024-01-24,192.32302856445312,194.18199120084623,192.16481576816375,193.23272951111284,53631300,-0.3483909540267005
2024-01-25,191.9967041015625,194.07320538533628,190.9485708187439,193.0349547434494,54822100,-0.16967518935532278
2024-01-26,190.26629638671875,192.5801018175765,189.7916731135176,192.09559590318423,44594000,-0.9012694894639406
2024-01-29,189.58399963378903,190.04874022336423,187.45807019569023,189.86086444187632,47145600,-0.3586009534462864
2024-01-30,185.93533325195312,189.65325866018404,185.37172089064353,188.80288370915284,55859400,-1.9245645143492474
2024-01-31,182.3360595703125,185.00585134318092,182.2866312758536,184.94651023142663,55467800,-1.9357663864583485
2024-02-01,184.76856994628903,184.8575590001162,181.7626017867558,181.93069725109763,64885400,1.3340808075533284
2024-02-02,183.76983642578125,185.2332669548565,177.24370243482153,177.84687547061628,102551700,-0.5405321482967129
2024-02-05,185.5793609619141,187.13179578344227,183.75995901240583,186.04410163536497,69668800,0.9846689594587898
2024-02-06,187.1812286376953,187.19111127921153,184.67954732588265,184.76853636353553,43490800,0.8631712424691296
2024-02-07,187.2899932861328,188.91163664571195,186.49894443287428,188.50622203381667,53439000,0.058106600340801506
2024-02-08,186.2122039794922,187.418535043408,185.2530596605407,187.27021997882892,40962000,-0.5754655055137059
2024-02-09,186.9745330810547,188.10321111496148,186.13296840440984,186.7765071990768,45155200,0.40938729324446754
2024-02-12,185.2914123535156,186.796321504533,184.9349868995182,186.54880424779185,41781900,-0.9001871537282824
2024-02-13,183.20236206054688,184.360756090923,181.68755769129083,183.9251233115087,56529500,-1.1274404282606731
2024-02-14,182.3211975097656,183.68749754312392,180.6281880058035,183.47959151637605,54630500,-0.4809788153768757
2024-02-15,182.0341033935547,182.65785175424017,179.54903541760635,181.727184392981,65434500,-0.15746612030427265
2024-02-16,180.49949645996097,183.0142804515248,179.86585283584154,181.5984737728991,49752500,-0.8430326543130917
2024-02-20,179.7569580078125,180.6183133605895,178.2124525032785,179.98466968931257,53665600,-0.41137979147392034
2024-02-21,180.5093994140625,181.0737309260645,178.86588113831095,180.13316833455778,41371400,0.41858819518814094
2024-02-22,182.53900146484375,183.12315360761588,180.64798131414128,181.65784073265692,52292200,1.1243747180863517
2024-02-23,180.7074279785156,183.2023913936763,180.42029946099493,183.17269052734747,45119700,-1.0033874797331532
2024-02-26,179.36093139648438,180.94503297704767,178.85598645977296,180.4302078946742,40867400,-0.7451251988331742
2024-02-27,180.81629943847656,182.0934817527884,177.77678047240937,179.3014951345761,54318900,0.8114186465585593
2024-02-28,179.6183319091797,181.30144633523983,178.34114943443706,180.69750358801917,48953900,-0.6625329314985162
2024-02-29,178.9549560546875,180.75688872813024,177.74707077204522,179.46979611956436,136682600,-0.3693252506250966
2024-03-01,177.87582397460938,178.7371792855814,175.61846756104012,177.76691576574171,73563100,-0.6030188287986515
2024-03-04,173.36106872558594,175.14318064223312,172.06406578926712,174.400628974546,81510100,-2.5381500128246137
2024-03-05,168.4305419921875,170.33147275577412,167.93550746706842,169.0641855800497,95132400,-2.8440795673698727
2024-03-06,167.44049072265625,169.53944760498507,167.00485787713032,169.3612273012443,68587700,-0.5878098222691586
2024-03-07,167.3216552734375,169.0344703547855,166.81672553933012,167.47015957545335,71765100,-0.07097175163897074
2024-03-08,169.0344696044922,171.97497562938204,167.26225281020422,167.32165453074688,76267000,1.023665662556117
2024-03-11,171.034423828125,172.64824117092596,170.34137853305091,171.22253935977105,60139500,1.1831635454663925
2024-03-12,171.50967407226562,172.30173241116674,169.31171935776177,171.43046672764987,59825400,0.2778681820323037
2024-03-13,169.4305419921875,171.4700820663792,169.06420612614593,171.05425482761498,52488700,-1.2122535310760907
2024-03-14,171.2819366455078,172.57892461566286,170.34137411890524,171.1928340614332,72913500,1.0927160071326991
2024-03-15,170.9057159423828,170.9057159423828,168.59885322457814,169.47011882986197,121752700,-0.21964995871318616
2024-03-18,171.9947967529297,175.94517770513775,171.7967859641753,173.82643054023092,75604200,0.6372407175158745
2024-03-19,174.3313446044922,174.85607994565953,171.31163124958826,172.6086191723699,55215200,1.3584991497847199
2024-03-20,176.8956298828125,176.8956298828125,173.3511809805003,173.97492929704185,53423100,1.4709261172383803
2024-03-21,169.66812133789062,175.72735394947048,169.14338597139206,175.29172116809335,106181300,-4.085747369626858
2024-03-22,170.56912231445312,171.33147983629345,168.3711674593603,170.05428209514795,71160100,0.5310372799897767
2024-03-25,169.1533203125,170.23249206020807,167.76721443821097,168.87610215909345,54288300,-0.8300458973711677
2024-03-26,168.02462768554688,169.71763732680742,167.8959138727621,168.31174106723407,57388400,-0.6672601074977025
2024-03-27,171.58888244628906,171.87601096065072,168.42066417893392,168.7176879462108,60273300,2.121269250727087
2024-03-28,169.77703857421875,170.51959037094832,168.81667037520145,170.0443614510728,65672700,-1.0559214829302555
2024-04-01,168.3414306640625,169.54931605122675,167.79688969325008,169.48991432845702,46240500,-0.8455842569834116
2024-04-02,167.16323852539062,167.6582730022656,166.55929585931307,167.4008605129018,49329500,-0.6998824555691452
2024-04-03,167.96519470214844,168.98496453257434,166.90582876011774,167.11373478373662,47691700,0.479744340820476
2024-04-04,167.14349365234375,170.2126991824844,167.14349365234375,168.59888151299202,53704400,-0.48920911934273725
2024-04-05,167.8959197998047,168.69787335368648,167.2721714324497,167.90581505219322,42104800,0.4501677756155953
2024-04-08,166.77713012695312,167.51968192191484,166.5692240844266,167.3513719945941,37425500,-0.6663590599375935
2024-04-09,167.98501586914062,168.39094781013864,166.67813256359855,167.02464767080627,42373800,0.7242514254010901
2024-04-10,166.11378479003906,167.4107728345435,165.45044033625643,167.12365945587084,49709300,-1.1139273758554946
2024-04-11,173.3016815185547,173.7175238179071,166.49001666248702,166.66822184170525,91070300,4.327092262451804
2024-04-12,174.79669189453125,176.5887144383463,172.47993396851362,172.52942533467058,101670900,0.8626635142120698
2024-04-15,170.97503662109375,174.8759113224836,170.7869210734751,173.61851932570818,73531800,-2.1863430205781076
2024-04-16,167.69790649414062,172.0343988146065,166.59892920522176,170.04436539186383,73711200,-1.916730179865811
2024-04-17,166.33160400390625,168.95528100035153,166.33160400390625,167.9256158132339,50901200,-0.814740338026887
2024-04-18,165.38113403320312,166.96525061902096,164.89600984807865,166.36130787024413,43122900,-0.5714307731204293
2024-04-19,163.3614044189453,164.7474951408098,162.4505426435407,164.55939469854349,68149400,-1.2212575672944204
2024-04-22,164.1930389404297,165.59893510418706,163.13367296874276,163.8762247169617,48116400,0.5090765009289511
2024-04-23,165.24253845214844,165.39105789202225,163.2822057253187,163.70794332424896,49537800,0.6391863616699966
2024-04-24,167.3414764404297,167.6186945681344,164.55938480415762,164.88609429896647,48251800,1.270216499905108
2024-04-25,168.20285034179688,168.91570135131437,166.48012455092012,167.84642483703811,50558300,0.5147402303898208
2024-04-26,167.61868286132812,169.63841695172266,167.49986430971396,168.19292468782604,44838400,-0.3472993943216096
2024-04-29,171.7769775390625,174.28185098854456,171.38095596804143,171.64826373021612,68169400,2.4808062005680753
2024-04-30,168.63845825195312,173.25218351807536,168.31173366197407,171.6086653165762,65934800,-1.8270895972632095
2024-05-01,167.61868286132812,170.9948217396029,167.43056733625505,167.8959009696714,50383100,-0.6047110494223129
2024-05-02,171.3116455078125,171.69777183075684,169.19289835753364,170.79680537480178,94214900,2.203192736897708
2024-05-03,181.558837890625,185.14288243826425,180.845987081213,184.79635228384785,163224100,5.981608753121925
2024-05-06,179.9054412841797,182.37070337959045,178.62824383792136,180.5390848280799,78569700,-0.9106671014502465
2024-05-07,180.58859252929688,183.06376520709568,179.51933122687228,181.6281680754234,77305800,0.37972795055045694
2024-05-08,180.9252166748047,181.25194126160503,179.64801918938014,181.0341248704048,45057100,0.186403881215913
2024-05-09,182.7370452880859,182.82614787366472,180.3014688648197,180.74699689996783,48983000,1.0014240394901952
2024-05-10,181.4779357910156,183.50040923773955,180.5658387363955,183.3120385724197,50759500,-0.6890280485192912
2024-05-13,184.68020629882812,185.4931713127623,183.03445892506747,183.84742393900163,72044800,1.7645508771381158
2024-05-14,185.82034301757812,186.6828817403559,184.6901339480471,185.89965779253163,52393600,0.6173572910705749
2024-05-15,188.09066772460935,189.0126735344407,185.76084369802737,186.29621459797372,70400000,1.2217848003953202
2024-05-16,188.2096405029297,189.458829238671,188.03119361367857,188.83423487080032,52845200,0.06325288742901058
2024-05-17,188.23936462402344,189.17129419091543,187.5552880216136,187.88245575005936,41282900,0.015793091689841887
2024-05-20,189.3993225097656,190.27176982167657,187.38675756521695,187.7040166341828,44361300,0.6162143014342369
2024-05-21,190.69808959960935,191.07481584379752,189.28036268210627,189.44890089382775,42309400,0.6857295330487734
2024-05-22,189.26052856445312,191.16405275409193,188.63594934473116,190.61877317517173,34648500,-0.7538413406104505
2024-05-23,185.27503967285156,189.3596513961204,185.027186725998,189.33981892460395,51005900,-2.1058214947573206
2024-05-24,188.34844970703125,188.94330296502375,186.4251079843019,187.1984232707908,36327000,1.6588365273630723
2024-05-28,188.3583526611328,191.34249703943843,187.47599667367737,189.8652878598297,52280100,0.005257783707257602
2024-05-29,188.65574645996097,190.5989202616182,187.88244645923604,187.9815936912238,53068000,0.1578872370811002
2024-05-30,189.6471710205078,190.52952698465035,188.99285067972127,189.12172393667825,49889100,0.5255204673859426
2024-05-31,190.5989532470703,190.9162123421418,188.2790528434088,189.7959119633218,75158300,0.5018699838446716
2024-06-03,192.3636779785156,193.31544019840624,190.86665123579675,191.24337752621932,50080500,0.9258837477232662
2024-06-04,192.6809234619141,193.64259428823095,191.3722523931234,192.96842627855952,47471400,0.16491963905675977
2024-06-05,194.1878662109375,195.20901937445225,193.19645419760303,193.72190135445055,54156800,0.7820923431069549
2024-06-06,192.80978393554688,194.81244022862765,192.5024486640224,194.0093990023229,41181800,-0.7096644616784054
2024-06-07,195.1990966796875,195.24867030234284,192.4727138388465,192.97832848334124,53103900,1.2392072100134266
2024-06-10,191.46145629882812,195.60556579928584,190.49978557066368,195.20899197297103,97010200,-1.914783646254603
2024-06-11,205.3709716796875,205.38089548057215,191.96709351098235,191.9869108572612,172373300,7.264916735590776
2024-06-12,211.2401428222656,218.30889945026047,205.1231180281253,205.58908283581823,198134300,2.857838717212724
2024-06-13,212.4000701904297,214.88850837078888,209.7827436347603,212.8957760920924,97862700,0.5491036659353243
2024-06-14,210.66514587402344,213.3221228300664,209.48536314811375,212.01346682824212,70122700,-0.8168190880778803
2024-06-17,214.80921936035156,217.06963733267017,210.8931452933454,211.5375569916551,93728300,1.9671376910190164
2024-06-18,212.44964599609375,216.7523850703462,211.1707313217612,215.7213082393038,79943300,-1.0984506955912021
2024-06-20,207.87924194335935,212.4000929584359,207.05638337080816,212.0927425591543,86172500,-2.1512881470362344
2024-06-21,205.70806884765625,210.0702753319445,205.33132746963065,208.5831574221536,241805100,-1.04443958685142
2024-06-24,206.3524627685547,210.87329840415435,204.8157713686944,205.9360716050383,80727000,0.31325651176845604
2024-06-25,207.2744903564453,209.56464939365068,206.8184342324815,207.35378999494392,55549700,0.44682170278955713
2024-06-26,211.4185791015625,213.0147528009443,208.83099354238436,209.68360834691896,66213200,1.9993240547790947
2024-06-27,212.26129150390625,213.8872063968936,210.52632069800987,212.8462208878068,49772700,0.3985990284888441
2024-06-28,208.8111572265625,214.21436386521,208.4939133036932,213.91693728719588,82542700,-1.6254184891173473
2024-07-01,214.88853454589844,215.64200216221636,210.10001313722785,210.26855134899324,60402900,2.91046580080101
2024-07-02,218.3783264160156,218.48738234159504,213.2527281692765,214.29369867156123,58046200,1.6240009628674557
2024-07-03,219.64732360839844,219.64732360839844,217.1489612238199,218.11063203893852,37369800,0.5811003377530044
2024-07-05,224.39614868164065,224.5052045874235,219.74642480522968,219.74642480522968,60412400,2.1620227350043875
2024-07-08,225.86346435546875,225.89320550199056,221.3327047505454,225.13972278278513,59085900,0.6538952127515429
2024-07-09,226.71609497070312,227.42991284004063,224.4259356098064,225.97253595078877,48076100,0.3774982455296394
2024-07-10,230.97914123535156,231.07828847688273,227.28117906796425,227.3307526887298,62627700,1.8803456654452821
2024-07-11,225.6156311035156,230.39422897123265,223.83108651749723,229.40281699319425,64710600,-2.3220755359770417
2024-07-12,228.5601043701172,230.64207551688347,226.71607753741577,226.9540218514806,53046500,1.305083895206982
2024-07-15,232.38693237304688,235.1926297333435,231.0881852656036,234.44907084333448,62631300,1.6743202027650117
2024-07-16,232.80335998535156,234.24090427881208,230.33473879844303,232.98180687397965,43234300,0.17919579558638432
2024-07-17,226.91436767578125,229.47221227385296,224.69359950369105,227.47946461019197,57345900,-2.5295993622862056
2024-07-18,222.25473022460935,228.46097889584823,220.36114484151935,228.3023493485251,66034600,-2.0534783667068957
2024-07-19,222.3836212158203,224.85224251867805,221.36246807560823,222.88925101284036,49151500,0.0579924625589312
2024-07-22,222.03663635253903,225.82382229500527,221.17409763275575,225.06043082550624,48201800,-0.15602986469247515
2024-07-23,223.07760620117188,224.9910392063895,220.7676144514488,222.44310313331528,39960300,0.468827967191876
2024-07-24,216.6631622314453,222.86941075843336,215.26528287042115,222.07627816799848,61777600,-2.8754315948423814
2024-07-25,215.62217712402344,218.95332167523745,212.77681471652627,217.0497975364767,51391200,-0.48046243611540307
2024-07-26,216.08816528320312,217.60502442671483,214.15489978899527,216.82180047841348,41601300,0.21611327990240792
2024-07-29,216.36575317382812,217.41664743865044,213.8971319294418,215.09674706599597,36311800,0.1284604782780141
2024-07-30,216.92091369628903,218.43777260182017,214.26392209769764,217.30756370891964,41643800,0.25658428578339
2024-07-31,220.1727752685547,221.89783756706777,218.7352309170003,219.53827220377053,50036300,1.4991000714751568
2024-08-01,216.48471069335935,222.5521468936059,215.1562223313537,222.44309097566543,62501000,-1.6750774798095946
2024-08-02,217.97183227539065,223.66254232334137,215.84030263063204,217.2679231335739,105568600,0.6869406976909964
2024-08-05,207.47279357910156,211.6664621054212,194.3167520967801,197.3802115476467,119548600,-4.816695160420714
2024-08-06,205.4502716064453,208.18657796978488,199.3431861620261,203.53685401433648,69660500,-0.9748372004665495
2024-08-07,208.01805114746097,211.80523672133984,204.61750047992084,205.12311510057037,63516400,1.249830200241564
2024-08-08,211.47808837890625,212.36044444161047,207.0365669160157,211.27980900719393,47161100,1.663335086719231
2024-08-09,214.38291931152344,214.91827509282652,210.1495861717322,210.2784745623819,42201600,1.3735848261558825
2024-08-12,215.91146850585935,217.8767320905019,213.9958359256548,214.4623401059105,38028100,0.7129995240501064
2024-08-13,219.6236572265625,220.2390393048837,217.380462936734,217.380462936734,44155300,1.7193105796519559
2024-08-14,220.0702667236328,221.37051708688293,218.06529253738043,218.9288294958838,41960600,0.20335218104923225
2024-08-15,223.0479736328125,223.67329096872731,221.10255033510867,222.9288713384501,46414000,1.3530709775160688
2024-08-16,224.3680725097656,225.1422676891868,221.98592068094572,222.2539159800548,44340200,0.5918452678374431
2024-08-19,224.2092437744141,224.30850577318623,221.3804434072076,224.04051049270504,40687800,-0.07078936569488992
2024-08-20,224.82464599609375,225.47973889834265,223.7725353535306,224.0901616619868,30299000,0.27447673937066597
2024-08-21,224.7154541015625,226.2836998547364,223.37550792716297,224.8345715346964,34765500,-0.048567582102698736
2024-08-22,222.859375,226.64102413052152,222.2340576918725,226.09511339685903,43695300,-0.8259686050446802
2024-08-23,225.15219116210935,226.52192810531065,222.66087229355688,223.98097823318813,38677300,1.0288174603870104
2024-08-26,225.4896697998047,225.58893181224732,222.22415556593285,225.07279660900764,30602200,0.14988911986753006
2024-08-27,226.33334350585935,227.14724957253156,223.2167072550591,224.31844891527624,35934600,0.3741518211471506
2024-08-28,224.80479431152344,228.14971479709,224.0008084384826,226.22414704916855,38052200,-0.6753530746548386
2024-08-29,228.0802459716797,231.1869621230462,227.1770283167567,228.3879521456165,51906300,1.4570203763614176
2024-08-30,227.29611206054688,228.68568922028223,225.78741746908057,228.4772602189495,52990800,-0.3437973805193839
2024-09-03,221.1124725341797,227.29611365629745,219.52437135882835,226.84946493362216,50190600,-2.7205214688054147
2024-09-04,219.2067718505859,220.12984491677884,215.8618360334932,220.01074262314265,43840200,-0.8618693743290273
2024-09-05,220.7253875732422,223.80231295165623,219.87178579311316,219.9809679444758,36615400,0.6927777412329972
2024-09-06,219.1769866943359,223.56409767944487,218.13479623481732,222.28368749781316,48423000,-0.7015055657756952
2024-09-09,219.26632690429688,219.6236489368284,215.09757995493325,219.17700018247805,67180000,0.04076167452997659
2024-09-10,218.47227478027344,219.83207646515768,215.1174187834135,217.29112653781655,51591000,-0.36214047785367853
2024-09-11,221.00331115722656,221.4301044903715,216.2687979033431,219.81224273641337,44587100,1.1585160540387607
2024-09-12,221.1124725341797,221.88666769221828,218.18442519080247,220.8444772424724,37455600,0.04939354816972941
2024-09-13,220.8444671630859,222.3730019797634,220.25886075018877,221.91643313573508,36766600,-0.12120771298975708
2024-09-16,214.71047973632812,215.60377723416104,212.32832783334672,214.92882889414335,59357400,-2.7775146489081193
2024-09-17,215.17697143554688,215.28615358843467,212.904016801209,214.14471619981745,45519300,0.2172654542953012
2024-09-18,219.04795837402344,221.0529328037412,215.92138686335736,215.9313221513165,59894900,1.7989782608479832
2024-09-19,227.1670837402344,228.11002736409569,222.95864123060412,223.31596324984213,66781300,3.706551490586185
2024-09-20,226.5020751953125,231.3556905514529,225.92638886705737,228.2589097535001,318679900,-0.29273983447458685
2024-09-23,224.7849578857422,227.74278104335215,224.12986496132828,225.6484798300337,54146000,-0.758102241707781
2024-09-24,225.67823791503903,227.64351653597865,224.0504410184132,226.94871280288095,43556100,0.3973931519701157
2024-09-25,224.68568420410156,225.5988371064948,222.35317851779175,223.2563961324406,42308700,-0.43980922578416015
2024-09-26,225.82711791992188,226.7998218869056,223.73281698946673,225.6087536412769,36636700,0.5080135478428893
2024-09-27,226.09510803222656,227.81224676693589,225.60876359989413,226.76013618443497,34026000,0.11867047446432188
2024-09-30,231.266357421875,231.266357421875,227.9412771261621,228.3283747151782,54541900,2.287200919407484
2024-10-01,224.52687072753903,227.94126237482303,222.07524777401,227.81223995033787,63285000,-2.914166491601644
2024-10-02,225.09262084960935,225.67822726420644,221.3606029358625,224.209243584203,32880600,0.2519743495453808
2024-10-03,223.9908905029297,225.12240767637772,221.65838486968212,223.46483520314055,34044200,-0.48945644798180643
2024-10-04,225.11251831054688,226.30358679092132,222.46238601950515,226.2043247736995,37245100,0.5007470639090572
2024-10-07,220.0404815673828,224.0107189104139,219.68315960069987,222.8295708776216,39505400,-2.253111813252029
2024-10-08,224.0901641845703,224.298593199742,221.58890998571715,222.63110049734397,31855700,1.8404261744661587
2024-10-09,227.83209228515625,228.0405364361267,223.15714569962591,223.55416342639623,33591100,1.6698314779687973
2024-10-10,227.3358154296875,227.7923994519787,225.47973405841245,226.0851959438118,28183500,-0.217825702468466
2024-10-11,225.85691833496097,227.70307961960657,225.6484741750507,227.5938974682738,31759200,-0.6505341412796128
2024-10-14,229.5790100097656,230.0058033150611,226.89910245149323,226.9983493120185,39882100,1.6479865670019134
2024-10-15,232.11004638671875,235.7229623804217,230.6410474142004,231.87182665313995,64751400,1.1024685474710916
2024-10-16,230.055419921875,230.3928864880035,228.1298522341637,229.87676649695567,34082200,-0.8851949740342313
2024-10-17,230.42266845703125,232.1100316250369,228.80480686495977,231.69314333147315,32993800,0.15963481116025857
2024-10-18,233.25149536132812,234.4227083661851,232.2688559498539,234.4227083661851,46431500,1.2276686678612814
2024-10-21,234.7204742431641,235.08773156933623,232.7055796017645,232.7055796017645,36254500,0.6297832644375445
2024-10-22,234.1050720214844,234.46239402859047,230.8693336731526,232.1497286972171,38846600,-0.2621851475309134
2024-10-23,229.0430145263672,233.3904297884605,226.06533615950997,232.33831918874512,52287000,-2.162301504792963
2024-10-24,228.8544464111328,229.10258628095696,226.71051430099084,228.26882480795348,31109500,-0.08232869080260219
2024-10-25,229.6882171630859,231.48474758840828,227.86191116183892,228.03064447383113,38802300,0.36432359739047016
2024-10-28,231.66336059570312,232.983466430484,230.8196941830456,231.58396917060392,36087100,0.85992370745549
2024-10-29,231.93136596679688,232.5864588417728,230.5914197900792,231.36561495313973,35417200,0.1156874226483584
2024-10-30,228.3879547119141,231.73287549326048,227.8420439394486,230.8792736886572,47070900,-1.5277844116134198
2024-10-31,224.22911071777344,228.11994197442104,223.693120129287,227.63358238786932,64370100,-1.820955925362422
2024-11-01,221.25143432617188,223.67328184782377,218.6310779402587,219.32586653780092,65276700,-1.3279615577432402
2024-11-04,220.35812377929688,221.13231895883283,218.0752491010658,219.34572401852256,44944500,-0.40375356191276746
2024-11-05,221.78741455078125,222.2836942947505,219.49460455688452,220.14969745378525,28111300,0.6486217739428035
2024-11-06,221.06283569335935,224.3879158153704,219.54422098922427,220.95365355112233,54561100,-0.32669971778583884
2024-11-07,225.78741455078125,226.18444740932767,222.8990781242877,222.9586292667559,42137700,2.1372108263260747
2024-11-08,225.51914978027344,227.20835428792032,224.9726384261151,225.72780810336752,38328800,-0.11881298656151174
2024-11-11,222.80645751953125,224.26712634517855,220.0937933412938,223.5715733715174,42005600,-1.2028655940682698
2024-11-12,222.80645751953125,224.15782408060912,221.94198562097503,223.1244332571579,40398300,0.0
2024-11-13,223.6908264160156,225.2111120360391,221.34580821096,222.58787261698697,48566200,0.3969224708879171
2024-11-14,226.77113342285156,227.41700079571672,223.5715745650122,223.5914518391994,44923900,1.377037698053507
2024-11-15,223.57156372070312,225.4793725783564,222.8462024481905,224.96266960797624,47923700,-1.4109245977892315
2024-11-18,226.57240295410156,228.28148462394063,223.7404903183321,223.81998425203597,44633700,1.3422275997260646
2024-11-19,226.8307647705078,228.6988344551977,225.22105418122663,225.53901477922057,36211800,0.11403057611503176
2024-11-20,227.5461883544922,228.4702769508748,224.45593165289552,226.61215353970655,35169600,0.315399714279585
2024-11-21,227.0692443847656,228.69883223369175,224.2770861035494,227.42695953023323,42108300,-0.20960314614612008
2024-11-22,228.41065979003903,229.25526960886552,226.6121530455377,226.6121530455377,38168300,0.5907516929066992
2024-11-25,231.39163208007812,231.76922452168117,228.2815130321861,229.99059491471,90152800,1.3050933317995117
2024-11-26,233.56771850585935,234.07449047305911,231.84870566104107,231.84870566104107,45986200,0.940434364985232
2024-11-27,233.4385528564453,234.19373774290256,232.32566796514345,232.9814816311975,33498400,-0.05530115644418743
2024-11-29,235.8233337402344,236.30028225823045,232.4846637904217,233.31932748739487,28481400,1.0215882743479954
2024-12-02,238.0689392089844,239.26131787624368,235.6543735449281,235.76367580720537,48137100,0.9522405748124907
2024-12-03,241.10952758789065,241.21882985808793,237.3833345065081,238.28756099978403,38861000,1.2771881913739014
2024-12-04,241.46725463867188,242.56027739454964,239.7184333911867,241.32814402991647,44383900,0.14836703234417659
2024-12-05,241.49705505371097,242.98753231090083,240.59284370740727,242.4410361127995,40033900,0.01234138976056176
2024-12-06,241.29832458496097,243.0769692456264,240.5431549096241,241.36788746709487,36870600,-0.08229105266140957
2024-12-09,245.18348693847656,245.6703815906872,240.21522985765637,240.2947237903796,44649200,1.6101074718186226
2024-12-10,246.1970367431641,246.63424582967983,243.7824557106041,245.32261857013248,36914800,0.4133842035380919
2024-12-11,244.92518615722656,249.20782208911243,244.69663537468304,246.38585520914904,45205800,-0.516598657222811
2024-12-12,246.3858337402344,247.1608807008323,244.12029436088807,245.32261935264157,32777500,0.5963647944602135
2024-12-13,246.5547332763672,247.7073574078961,244.6767326870094,246.24670376010008,33155300,0.06855083085290925
2024-12-16,249.44627380371097,249.7841268474892,246.0777957183055,246.4156487620838,51694800,1.1727783478010068
2024-12-17,251.87075805664065,252.2185421189052,248.19425082976375,248.49234928857376,51356400,0.971946470059315
2024-12-18,246.47525024414065,252.66569465886903,246.16722071424977,250.559158393614,56774100,-2.1421731741033123
2024-12-19,248.2041931152344,250.400169527173,245.5213371883983,245.92873792847348,60882300,0.7014671328586575
2024-12-20,252.87440490722656,253.3811617724802,244.13026766465495,246.4653398622687,147495300,1.8816006826378961
2024-12-23,253.64944458007812,254.0270218726176,251.84099141600396,253.1526187871241,40858800,0.30649194137932767
2024-12-24,256.56085205078125,256.5707679464462,253.6693071300515,253.86804957710976,23234700,1.1478075481391237
2024-12-26,257.3755798339844,258.44874034869076,255.9944201288889,256.55086249805703,27237100,0.31755732672802406
2024-12-27,253.96739196777344,257.05766400729357,251.4534547993944,256.19316170058187,42355300,-1.3242079409434782
2024-12-30,250.598876953125,251.89062678955744,249.15808547329988,250.6286852818035,35557500,-1.326357288842761
2024-12-31,248.8302001953125,251.6720440162376,247.84647977817443,250.83738041728796,39480700,-0.7057800016172178
2025-01-02,242.30189514160156,247.5185648879759,240.2847840526235,247.34963081084464,55740700,-2.623598360884938
2025-01-03,241.8150177001953,242.6298040057451,240.3543488544026,241.8150177001953,40244100,-0.20093835465947452
2025-01-06,243.44461059570312,245.75982034447205,241.65603491404497,242.75898865424097,45045600,0.6739006166805561
2025-01-07,240.67233276367188,243.99112508347835,239.81779188041267,241.43743349025635,40856000,-1.1387714951863415
2025-01-08,241.15924072265625,242.1628385440956,238.5260700426742,240.38419368621172,37628900,0.20231156335801526
2025-01-10,235.34634399414065,238.63532775588945,231.5207799769646,238.48627094630749,61710900,-2.41039767379293
2025-01-13,232.91189575195312,233.180185891021,228.26161420500543,232.04742383507855,49630700,-1.034410903042593
2025-01-14,231.7990264892578,234.62099318079112,230.99417118008773,233.2596954436476,39435300,-0.47780696606432027
2025-01-15,236.35987854003903,237.4429702030776,232.94171493841435,233.1503884256181,39832000,1.967588958356803
2025-01-16,226.81089782714844,236.4990004602556,226.58236221549976,235.8432019589194,71759100,-4.040017608687762
2025-01-17,228.5199737548828,230.8153063545454,227.02949646555183,230.6463874145182,68488300,0.7535246075507596
2025-01-21,221.2265625,222.99526090225285,217.9872641686431,222.57792910461188,98070400,-3.1915858973036393
2025-01-22,222.4090118408203,222.6971640978084,218.39465138442915,218.39465138442915,64126500,0.5344970004767413
2025-01-23,222.24009704589844,225.58869773276697,220.88873040600683,223.3132424800993,60234800,-0.0759478195257568
2025-01-24,221.3656768798828,224.19758968028435,220.00437919561992,223.35297985225768,54697900,-0.39345742628749125
2025-01-27,228.40074157714844,230.67619691244207,222.55806572164707,222.59782027357136,94863400,3.1780286792531864
2025-01-28,236.74740600585935,238.66516132615985,229.3447052045828,229.3844597561093,75707600,3.65439462721342
2025-01-29,237.8404083251953,238.33723404319065,232.5243670778783,232.633669342314,45486100,0.46167446468616813
2025-01-30,236.0816650390625,239.26134692510684,235.7040877651042,237.1548105184623,55658300,-0.7394636170183988
2025-01-31,234.50173950195312,245.62070152543137,231.9579942451269,245.62070152543137,100959800,-0.6692283946946764
2025-02-03,226.56246948242188,230.35822543026035,224.2671369795404,228.52991033796465,73063300,-3.3855910989799343
2025-02-04,231.32208251953125,231.64998934854387,225.21111642561868,225.8073134168997,45067300,2.100795002801048
2025-02-05,230.99417114257812,231.19289841511937,226.820837771536,227.0791817096477,39620300,-0.14175532806101065
2025-02-06,231.7394256591797,232.31574540236795,228.96712922491056,229.8216702010973,29925300,0.32262914380707386
2025-02-07,226.1848907470703,232.51444580894437,225.8172293901739,231.1233398047693,39707200,-2.3968881843516976
2025-02-10,226.45347595214844,229.3780258753388,226.00584416726187,228.36339787721977,33115600,0.11874586502707007
2025-02-11,231.39732360839844,233.99360582200345,226.93093316445223,227.00055734532324,53718400,2.1831626277596605
2025-02-12,235.62503051757812,235.71456902246177,229.46756209934875,229.98483328224916,45243300,1.8270336247857344
2025-02-13,240.26052856445312,241.06626881430705,234.33186254170715,235.6648159224183,53614100,1.967319871192208
2025-02-14,243.3143768310547,244.25938055012708,239.7233505557091,239.9819785190441,40896200,1.2710570000191712
2025-02-18,243.18505859375,243.89131830963376,240.56887710589865,242.86673323889264,48822500,-0.05314862154425226
2025-02-19,243.5829620361328,244.716969605811,241.88195827091008,243.37407429304395,32204200,0.16362166519758858
2025-02-20,244.5379180908203,245.4829218502696,243.00600383864503,243.65259654249155,32316900,0.3920455054429617
2025-02-21,244.25938415527344,247.38287960480025,243.93111682470231,244.6572756706751,53197400,-0.11390214561466383
2025-02-24,245.80123901367188,247.551982922016,243.1353173033831,243.64263125957103,51326400,0.6312366928012514
2025-02-25,245.74154663085935,248.68599549611233,243.62275227067275,246.69650753214344,48013300,-0.024284817705577666
2025-02-26,239.09666442871097,243.6923767743236,237.87313357927937,243.04579925662603,44433600,-2.7040125258631975
2025-02-27,236.0527801513672,241.18566339775504,235.8140361008641,238.15169082894496,41153600,-1.2730768472311138
2025-02-28,240.5688934326172,240.8175794410065,228.9900734891547,235.70459571566596,56833400,1.9131794501018318
2025-03-03,236.77891540527344,242.74737946323825,234.8690087281554,240.519147417306,47184000,-1.5754231452227652
2025-03-04,234.68994140625,238.80819608105105,233.44651142335263,236.46059966619737,53798100,-0.8822466288638586
2025-03-05,234.50096130371097,235.30670153327668,228.0251680036218,234.18263593082168,47227600,-0.08052330722257972
2025-03-06,234.0930938720703,236.60979483297604,231.9345013377031,233.20777237015392,45170400,-0.17392996146928796
2025-03-07,237.81344604492188,240.10134501237945,233.5260868229449,233.8742532807345,46273600,1.589261823710486
2025-03-10,226.28436279296875,234.91874867921032,223.0415027897028,234.3019970725287,72071200,-4.8479526467882454
2025-03-11,219.67926025390625,224.65298022983384,216.30707871737093,222.63365113389432,76137400,-2.9189390099861323
2025-03-12,215.83956909179688,220.58450266635003,213.78045671174684,218.98296406915983,62547500,-1.7478623870416543
2025-03-13,208.57791137695312,215.70028194858563,207.3245394208188,214.8149604095551,61368300,-3.3643774148545247
2025-03-14,212.36788940429688,212.82546311709572,208.47843695256688,210.13965751241793,60107600,1.8170562751941066
2025-03-17,212.87521362304688,214.0888025037831,208.8663965620962,212.18883784213668,48073400,0.23888932558169262
2025-03-18,211.5720977783203,214.01915944879545,210.37840804794791,213.03437263106773,42432400,-0.6121501054763834
2025-03-19,214.1087188720703,217.6102070663037,212.6265447449941,213.09407567170305,54385400,1.1989393310302132
2025-03-20,212.9747009277344,216.3468825511506,211.10457731145533,212.8652784783013,48862900,-0.5296458501596435
2025-03-21,217.12277221679688,217.68976839110027,210.16950634984832,210.4480334492585,94127800,1.947682645400195
2025-03-24,219.56985473632812,220.31591279023905,217.43116105321957,219.83843988574125,44299500,1.1270501451998038
2025-03-25,222.5739593505859,222.9221258053629,218.9232508666907,219.60962662242417,34493600,1.3681771652421348
2025-03-26,220.3656311035156,223.8372930332484,219.31120492080973,222.3352199198642,34466100,-0.9921772760450698
2025-03-27,222.67344665527344,223.80745418869537,219.40073045135125,220.22636977863215,37094800,1.0472665543175275
2025-03-28,216.75473022460935,222.63367141455515,216.53588531144595,220.50491967808455,39818600,-2.658025247090645
2025-03-31,220.9624938964844,224.43414081005065,215.09349507460487,215.86939419548492,65299300,1.9412557536875097
2025-04-01,222.01690673828125,222.5043215641154,217.74944665223015,218.65466729819107,36412700,0.4771908676459935
2025-04-02,222.71322631835935,224.0063965120705,219.8583159882452,220.15674221426903,35905900,0.3136335832743198
2025-04-03,202.12203979492188,206.39944211542388,200.19223396809613,204.4596791341039,103419000,-9.24560559955394
2025-04-04,187.389892578125,198.8294493717933,186.35535024633944,192.87092693410324,125910900,-7.288738641142
2025-04-07,180.50624084472656,193.12952861035487,173.70218080411468,176.26862197387908,160466300,-3.673438112745897
2025-04-08,171.51376342773438,189.33957458197375,168.32064359895526,185.71870692843436,120859500,-4.981809700822259
2025-04-09,197.80484008789065,199.55558397169528,170.9865365771085,171.04621878540135,184395900,15.328843665210435
2025-04-10,189.4191436767578,193.7562279640405,182.03814529024513,188.07624843340895,121880000,-4.239378777287161
2025-04-11,197.1085205078125,198.491214081568,185.0820690088969,185.1218672695082,87435900,4.059450740721626
2025-04-14,201.45553588867188,211.82076535143517,200.10268359760292,210.3286495235762,101352900,2.2053919179445547
2025-04-15,201.0775451660156,202.44033954558063,198.74984792281177,200.7990180691496,51343900,-0.18762985141552724
2025-04-16,193.2489318847656,199.6451288750065,191.35890907242805,197.31743142832593,59732400,-3.8933304436288285
2025-04-17,195.94467163085935,197.78495412822457,193.3981293835527,196.16351652823,52164700,1.3949571259215032
2025-04-21,192.1447601318359,192.78139570274652,188.8123615658979,192.25418258208256,46742500,-1.9392777907133452
2025-04-22,198.690185546875,200.53045296496776,194.93999616163737,195.0892017003565,52976400,3.4065073700412674
2025-04-23,203.52462768554688,206.9067512010516,201.7340854567431,204.9172632087338,52929200,2.4331559837067696
2025-04-24,207.27479553222656,207.7323844355936,201.87334307751465,203.81309077731203,47311000,1.8426113288234847
2025-04-25,208.18002319335935,208.6475540878433,205.1162098506388,205.28531450927932,38222300,0.43672828565981536
2025-04-28,209.0355224609375,210.38837503045187,206.3696155855185,208.89625889548412,38743100,0.41094205604135237
2025-04-29,210.0998687744141,211.1244537916441,207.27478452266,207.59310986089216,36827600,0.5091700687740675
2025-04-30,211.38311767578125,212.45744310704663,205.58375784941015,208.1999396453228,52286500,0.6107804392514904
2025-05-01,212.1988067626953,213.43227966302132,207.8020247308308,207.98108655162656,57365700,0.385881850870029
2025-05-02,204.27069091796875,205.9020705063368,201.09745506032,205.0067917796952,101010600,-3.7361736221225184
2025-05-05,197.8446502685547,203.0272736250085,197.1682315771274,202.0325295409635,69018500,-3.1458456524213974
2025-05-06,197.4666290283203,199.5953806140849,195.98447015970467,197.1682179665783,51216500,-0.1910697305796516
2025-05-07,195.21853637695312,198.39177259427916,192.23430397373855,198.1231874279844,68536700,-1.1384671234979993
2025-05-08,196.45199584960935,198.99853803284543,193.65675249053749,196.68078271707188,50478900,0.6318352219763179
2025-05-09,197.4865264892578,199.48595647897335,196.50172445806652,197.95405738682032,36453900,0.5266073450536091
2025-05-12,209.95704650878903,210.435160708662,205.93301745006437,210.13634313336473,63775800,6.314618136852768
2025-05-13,212.0886077880859,212.55675181657617,208.1741443311085,209.5984864444124,51909300,1.0152368376012744
2025-05-14,211.490966796875,213.09460539099953,209.7478820292828,211.5905625216416,49325800,-0.28178835131401625
2025-05-15,210.61444091796875,212.11848379882832,208.71198473801,210.11641669484823,45029500,-0.41445074093784395
2025-05-16,210.4252014160156,211.73003772257164,208.94109887256835,211.52086084946143,54737900,-0.08985115224214857
2025-05-19,207.95501708984375,208.6522480419735,203.45287334417097,207.08845970637495,46140500,-1.1739013718647828
2025-05-20,206.04258728027344,207.64622592622175,204.2198167548668,206.84938410987283,42496600,-0.919636292662307
2025-05-21,201.2914276123047,206.2218644000924,199.91689108628387,204.3592586621154,59211800,-2.305911477177236
2025-05-22,200.56431579589844,201.94882252859867,198.91087172706415,199.91689038506837,46742400,-0.3612234385890978
2025-05-23,194.49838256835935,196.91877297523905,192.6955373289648,192.9046989896,78432900,-3.024432937368582
2025-05-27,199.4188690185547,199.94677348688452,196.64984031499387,197.51641281084125,56288500,2.5298341226390297
2025-05-28,199.62803649902344,201.9289060786693,199.11008702875665,199.79736291846777,45339700,0.10488851004830657
2025-05-29,199.15988159179688,203.0046291598645,197.72556941325453,202.77554227533128,51396800,-0.2345136061230768
2025-05-30,200.05633544921875,201.1619498266407,196.00241099917395,198.5821728136608,70819900,0.45011768949494435
2025-06-02,200.90298461914065,201.3312933884623,199.3292261245183,199.4885975362889,35423300,0.42320537763564925
2025-06-03,202.46678161621097,202.96480586317463,200.16591202699755,200.55437033168948,46381600,0.7783841539412029
2025-06-04,202.0185546875,205.42503857555045,201.3013985849111,202.10819540070028,43604000,-0.22138294743115905
2025-06-05,199.8372039794922,203.9409187010704,199.35908978394465,202.69585814733983,55126100,-1.0797774052893838
2025-06-06,203.11419677734375,204.8871617909174,201.2515910514923,202.19783403313104,46607700,1.6398311888850658
2025-06-09,200.65396118164065,205.18598475848052,199.22961916524457,203.5823461143216,72862600,-1.2112573294913664
2025-06-10,201.86912536621097,203.54249456453348,199.77743286642308,199.80731310224203,54672600,0.6056018916418493
2025-06-11,197.99452209472656,203.69192080198684,197.6259890086274,202.6958722895077,60989900,-1.9193639762670411
2025-06-12,198.4128570556641,198.890956077424,196.58013147350607,198.29333609984755,43904600,0.21128612878360542
2025-06-13,195.67372131347656,199.57822954037988,194.9266849517312,198.94075911963023,51447300,-1.3805233102505365
2025-06-16,197.6359405517578,197.90487790098297,195.78328974313985,196.52037110088895,43020700,1.0028016154186137
2025-06-17,194.8669281005859,197.6060614779548,194.43863454049264,196.4207613301707,38856200,-1.4010672570188398
2025-06-18,195.80320739746097,196.7893008408277,194.2991796996429,195.16573699325735,45394700,0.48047111226168226
2025-06-20,200.20574951171875,200.90298042554332,196.08210930882012,197.4566611092843,96813500,2.2484525012509415
2025-06-23,200.70376586914065,201.50060768152076,198.17380945321412,200.83325703321927,55814300,0.24875227541492073
2025-06-24,199.5084991455078,202.636090538428,199.40888822531903,201.78944331230144,54064000,-0.5955377660487704
2025-06-25,200.76351928710935,202.8651820841085,199.82723133036671,200.65395335177791,39525700,0.6290559785556926
2025-06-26,200.20574951171875,201.8392684520338,198.67184150130464,200.63404307360597,50799100,-0.2778242667647923
2025-06-27,200.28543090820312,202.41697405518968,199.20969672208463,201.09222774816857,73188600,0.03979975434207361
2025-06-30,204.35926818847656,206.570497066428,198.47261792694383,201.21175129212304,91912800,2.0340157852722696
2025-07-01,206.9987945556641,209.35942450018743,205.3254252695324,205.85332972802505,78788900,1.2916107943551358
2025-07-02,211.6005401611328,212.49697770796604,207.31752868499885,208.08449026524104,67941800,2.223078455769101
2025-07-03,212.70616149902344,213.80180573654255,210.97303162710097,211.31168447150716,34955800,0.5225040243511225
2025-07-07,209.1203765869141,215.37555986284275,207.97492690746137,211.83958469799765,50229000,-1.6857926854769612
2025-07-08,209.18014526367188,210.59453234535175,207.62631199643187,209.26980118177752,42848900,0.02858099135687464
2025-07-09,210.30564880371097,210.4949004226829,206.4011410808137,208.7020103462271,48749400,0.5380546698733779
2025-07-10,211.57066345214844,212.63642743345136,209.2000631819418,209.67816220166208,44443600,0.6015124442131148
2025-07-11,210.3255920410156,211.29176024279,209.03072603053,209.73792710960444,39765800,-0.5884896283904872
2025-07-14,207.79562377929688,210.07658325197187,206.71988962428105,209.1004448233413,38840100,-1.202881797297095
2025-07-15,208.28370666503903,211.05272033528996,208.09445501444372,208.39327261019983,42296300,0.2348860273691633
2025-07-16,209.32952880859375,211.5606674273932,207.81553103262843,209.4689749722687,47490500,0.5021142365382536
2025-07-17,209.1901092529297,210.9630743588066,208.7618004967043,209.7379389650813,48068100,-0.06660290903895971
2025-07-18,210.3455047607422,210.95309492429405,208.87135730762196,210.0367321724359,48974600,0.5523184207602894
2025-07-21,211.6403656005859,214.92732845073888,210.7937335563828,211.2618775331451,51377400,0.6155875978032244
2025-07-22,213.5527801513672,214.1006098348481,211.39135685335447,212.29776458434165,46404100,0.9036152178977241
2025-07-23,213.30377197265625,214.29982043425815,211.57065737650467,214.15041924441525,46989300,-0.11660263965397322
2025-07-24,212.91531372070312,214.83769515517375,212.68622683006964,213.05475989741393,46022600,-0.18211504107996657
2025-07-25,213.0348663330078,214.389492953658,212.55675209148805,213.85161823157193,40268800,0.05615031169694529
2025-07-28,213.20416259765625,214.00100435562788,212.21806921233596,213.18423737412155,37858000,0.07946880600464556
2025-07-29,210.43516540527344,213.96117031669576,209.9869466315705,213.33365491441555,51411700,-1.2987538135492582
2025-07-30,208.2239227294922,211.55072076453231,206.89917652304968,211.06265157316113,45512500,-1.0507952278425825
2025-07-31,206.7497711181641,209.0107900151974,206.34138763159265,207.6661338109758,80698400,-0.7079645758298336
2025-08-01,201.5803070068359,212.7360475386617,200.7037794341265,210.03674932642843,104434500,-2.5003481664672145
2025-08-04,202.5464630126953,207.0585613783641,200.88304868853191,203.70186769022783,75109300,0.4792908693340925
2025-08-05,202.11814880371097,204.52858421879685,201.36115745633876,202.59624780213056,44155100,-0.21146466969285127
2025-08-06,212.40733337402344,214.52892145014,204.77759854868273,204.81744899810377,108483100,5.090678215297184
2025-08-07,219.1605529785156,219.9773200540019,215.7241886502616,218.01510326859565,90224800,3.179372151243265
2025-08-08,228.4437255859375,230.08719950298993,218.38362983130105,219.95738825778145,113854000,4.23578626776504
2025-08-11,226.53909301757812,228.91238364576833,224.12592192869857,227.27701087414155,61806100,-0.833742561094275
2025-08-12,229.00210571289065,230.148870464234,226.42939779448272,227.36673308681236,55626200,1.087235170982792
2025-08-13,232.6717529296875,234.33703985510917,229.77992501054072,230.4181341091737,69878500,1.6024512985909567
2025-08-14,232.1233062744141,234.4567012802976,230.19875827485632,233.39969406647393,51916300,-0.23571690519696986
2025-08-15,230.93666076660156,233.61907447658757,228.69300821277216,233.3398655982593,56038700,-0.5112134265439439
2025-08-18,230.23863220214844,232.46233685580373,229.4608338889283,231.0463446646661,37476200,-0.30225974608621975
2025-08-19,229.9095764160156,232.21305735738468,228.7029984066048,230.6275464777077,39402600,-0.14291944969684334
2025-08-20,225.3723907470703,229.81981519856657,225.13307755654057,229.33119207499823,42263900,-1.9734652812962272
2025-08-21,224.26551818847656,225.88095827873423,223.14868274098328,225.63166356522296,30621200,-0.4911305040181113
2025-08-22,227.1174468994141,228.44369658121065,224.77408575714253,225.53193619713707,42477800,1.2716750813831057
2025-08-25,226.5191650390625,228.65312729963856,225.59178073979157,225.84107546750252,30983100,-0.2634239986928688
2025-08-26,228.6630859375,228.84258604761433,224.05612439304167,226.2299670421739,54575100,0.946463359101557
2025-08-27,229.8397674560547,230.24859923631865,227.6160475796746,227.96506627689797,31259500,0.5145918125483151
2025-08-28,231.90391540527344,232.7515235304584,228.692998228932,230.16883391080088,38074700,0.898081290311703
2025-08-29,231.485107421875,232.7216147258446,230.71727541448905,231.85405874294375,39418400,-0.1805954775134011
2025-09-02,229.07192993164065,230.19874691737337,226.3296880547272,228.6032546481451,44075600,-1.0424763463665943
2025-09-03,237.79725646972656,238.17618932549604,233.6988505309185,236.5408165177042,66427800,3.808989840304622
2025-09-04,239.1035614013672,239.2232180033205,236.0721441645207,237.7773116053272,47549400,0.5493355773038333
2025-09-05,239.0137939453125,240.63920029193577,237.81718240373485,239.32291694518145,54870400,-0.0375433370914946
2025-09-08,237.2089080810547,239.47249309970456,235.67324414176576,238.62490021245955,48999500,-0.7551387869566994
2025-09-09,233.6888732910156,238.1063683630383,232.7016607361875,236.33139119913957,66313900,-1.4839387013392824
2025-09-10,226.15020751953125,231.7643298806428,225.3125808527764,231.53498298240493,83440800,-3.225941254847997
2025-09-11,229.3810577392578,229.7998710451417,226.010588238333,226.23995033725743,50208600,1.4286302255316352
2025-09-12,233.40966796875,233.84841389514688,228.3739115767776,228.5733443098202,55824200,1.756295951024689
2025-09-15,236.03224182128903,237.5180438551372,234.36695488957943,236.33139853346725,42699500,1.1235926409398633
2025-09-16,237.4781494140625,240.53949594661788,235.65332541334,236.51088466190768,63421100,0.6125890181851723
2025-09-17,238.3157958984375,239.42266510979977,237.05934071942244,238.2958480596019,46508000,0.3527257082143187
2025-09-18,237.2089080810547,240.51953392817583,235.98236714862816,239.2930082114909,44249600,-0.4644626316983702
2025-09-19,244.80740356445312,245.60514967420656,239.5323342314529,240.54944568604057,163741300,3.203292635537114
2025-09-22,255.35755920410156,255.9160073848096,247.42002368458668,247.5995237986898,105517400,4.309573765350105
2025-09-23,253.71221923828125,256.6140134777918,252.86462630601793,255.15814081026073,60275200,-0.6443278871197333
2025-09-24,251.59820556640625,255.01853710208397,250.33178410429736,254.4999998142079,42303700,-0.8332328960039437
2025-09-25,256.1453552246094,256.44452717224715,250.9999233421493,252.4956917858775,55202100,1.8073060767529903
2025-09-26,254.73931884765625,256.87328100426123,253.06405044687503,253.38315498635407,46076300,-0.5489212856193304
2025-09-29,253.71221923828125,254.28061851263055,252.29622703166865,253.84185736381545,40127700,-0.4031963397017835
2025-09-30,253.9116668701172,255.1980209495745,252.39595068950493,254.1410137555297,37704300,0.07861175643599783
2025-10-01,254.72935485839844,258.05994405161016,254.21081755391603,254.3205078449461,48713900,0.3220363988628794
2025-10-02,256.40460205078125,257.45162766856953,253.43299812845933,255.85613542550084,42630200,0.6576576905767517
2025-10-03,257.2920837402344,258.5086431914624,253.23357360959045,253.9515436206674,49155600,0.34612549164674267
2025-10-06,255.96585083007812,258.3391414491699,254.33047806472084,257.2621712100349,44664100,-0.5154581092728927
2025-10-07,255.7564392089844,256.67382669789566,254.70938317067183,256.0854948355218,31955800,-0.08181232786116377
2025-10-08,257.3320007324219,257.7906945345413,255.3874895821648,255.79633660873375,36496900,0.6160398261370936
2025-10-09,253.3233184814453,257.2721535801604,252.4258635668812,257.082687156571,38322000,-1.5577861438013874
2025-10-10,244.57806396484375,255.6567217403356,243.3116425485481,254.2207817432353,61999100,-3.4522106251509976
2025-10-13,246.96131896972656,248.98559082884384,244.86723728717817,248.6764678182016,38142900,0.974435305541288
2025-10-14,247.07101440429688,248.1479694164288,244.00966795095763,245.90431694508948,35478000,0.04441806313149055
2025-10-15,248.63658142089844,251.10959602979932,246.7718617608356,248.78616738422895,33893600,0.6336506208048043
2025-10-16,246.75192260742188,248.33743345063007,244.4384754074267,247.54966879270205,39777000,-0.7579973963228515
2025-10-17,251.5782470703125,252.66518358811555,246.57242016484557,247.3203043073955,49147000,1.9559419889786378
2025-10-20,261.50018310546875,263.63416054313814,254.90884523128253,255.168106265739,90483000,3.9438767662544505
2025-10-21,262.0287170410156,264.54162761794373,261.0913663387469,261.1412435480521,46695900,0.20211608621845123
2025-10-22,257.72088623046875,262.1084670888602,254.7093866241015,261.9090191460537,45015300,-1.6440300357890014
2025-10-23,258.8476867675781,259.8847613495841,257.28213901467177,259.206686997747,32754900,0.43721739188096187
2025-10-24,262.07855224609375,263.3848541030092,258.44880663072195,260.4531458541269,38253700,1.2481724364091562
2025-10-27,268.0516662597656,268.36078929414754,263.90339825112477,264.13276036080543,44888200,2.2791311850895335
2025-10-28,268.2411193847656,269.12862319727753,267.39351124836816,268.23113785786586,41534800,0.07067783895675639
2025-10-29,268.93914794921875,270.6443152614699,266.35642794866993,268.5203194424725,51086700,0.26022429598195895
2025-10-30,270.63433837890625,273.36662916750566,267.72259312931254,271.2226702585742,69886500,0.6303249053230431
2025-10-31,269.6072692871094,276.53767519933945,268.40069127196034,276.2085891024436,86167100,-0.37950435186790976
2025-11-03,268.29095458984375,270.08589475979994,265.49886601188945,269.65711516237894,50194600,-0.48823412690103263
2025-11-04,269.2781982421875,270.72408938596277,266.86501191822913,267.5730004152706,49274800,0.3679750045442409
2025-11-05,269.3779296875,270.9335263776032,266.17696342424256,267.8522167164328,43683100,0.037036583712879434
2025-11-06,269.0089416503906,272.6287059365568,267.1342708755924,267.1342708755924,51204000,-0.13697782796735503
2025-11-07,267.7126159667969,271.5218466038475,266.0173996929098,269.03885049148494,48227400,-0.4818894404181151
2025-11-10,268.93035888671875,273.22240319845355,266.96401085683,268.46122924118225,41312400,0.454869456011342
2025-11-11,274.73956298828125,275.3983427074405,269.2996575494418,269.3096487524697,46208300,2.160114657791201
2025-11-12,272.9628601074219,275.2186787593472,271.19615348009904,274.49002155435767,48398000,-0.6466862149501096
2025-11-13,272.44384765625,276.1868935731559,271.5854266195937,273.6016697208788,49602800,-0.19014031834500011
2025-11-14,271.9048156738281,275.44821996704485,269.10002929321837,270.54732197227213,47431300,-0.197850671637112
2025-11-17,266.9639892578125,269.98836893107386,265.237217022597,268.3214829895084,45018300,-1.8171161859606544
2025-11-18,266.9440612792969,270.2079864201871,264.8279974843966,269.48932037088264,45677300,-0.007464669137968727
2025-11-19,268.06195068359375,271.7051756343288,265.00762791735707,265.0375710636542,40424500,0.41877290655560895
2025-11-20,265.7562561035156,274.91922505965954,265.42688147061517,270.327749378444,45823600,-0.8601349703672212
2025-11-21,270.98651123046875,272.8230952896135,265.17732758833057,265.4568071090486,59030800,1.9680647235321702
2025-11-24,275.4083251953125,276.4863089537433,270.397615191446,270.397615191446,65585800,1.6317468883471742
2025-11-25,276.4563903808594,279.8600705608694,274.73957871594786,274.75953066216096,46914200,0.3805495657415614
2025-11-26,277.0352783203125,279.01161742605893,276.1170014953278,276.44637611579356,33431400,0.2093957526739132
2025-11-28,278.3328857421875,278.4826014787427,275.4781737009374,276.7458380127342,20135600,0.46839067924580036
2025-12-01,282.57501220703125,282.89442609469603,275.62792768573877,277.4944549964911,46587700,1.524119743713337
2025-12-02,285.6592712402344,286.86701880065203,282.10587559562896,282.47518456741903,53669500,1.0914832876105063
2025-12-03,283.623046875,288.0847586222564,282.77461708045536,285.6692634925469,43538700,-0.7128157809805358
2025-12-04,280.179443359375,284.20196835267484,278.07334059490756,283.5731318378766,43989100,-1.2141479874668626
2025-12-05,278.26300048828125,280.6186397013617,277.53434330937836,280.01974631085085,47265800,-0.6840055245008081
2025-12-08,277.3746643066406,279.15136205700173,275.6378704438954,277.6142094762677,38211800,-0.3192433705098474
2025-12-09,276.66595458984375,279.5106752769474,276.40645748061854,277.64414811825674,32193300,-0.2555062909471051
2025-12-10,278.26300048828125,279.2312028389952,275.92734368017386,277.23491184461454,33038300,0.5772469911612843
2025-12-11,277.514404296875,279.07150890817053,273.3022288840155,278.5824273392719,33248000,-0.2690246960942222
2025-12-12,277.7639465332031,278.70220580092337,276.30666253778065,277.38464634485007,39532900,0.08992046267306542
2025-12-15,273.6016540527344,279.63046152672615,272.33402020742307,279.63046152672615,50409100,-1.498499906996098
2025-12-16,274.1007385253906,274.9891026980292,271.2859911871425,272.3140798989353,37648600,0.18241281266524467
2025-12-17,271.33587646484375,275.6478724530811,271.13626563598973,274.50001118897205,50138700,-1.0087028861802017
2025-12-18,271.68524169921875,273.12257373871984,266.4549687260805,273.1025913325419,51630700,0.1287574790797219
2025-12-19,273.1625061035156,274.09077415448866,269.399477884542,271.6453053723066,144632000,0.5437411303821804
2025-12-22,270.4674987792969,273.37210596231955,270.00836035897595,272.3539780142796,36571800,-0.9865948891234266
2025-12-23,271.85491943359375,271.99467443806464,269.06012395403746,270.3377490962612,29642000,0.5129713035979311
2025-12-24,273.3022155761719,274.9192064044749,271.69521595033444,271.8349404799371,17910600,0.5323781322749355
2025-12-26,272.8929748535156,274.859322715931,272.35396775197984,273.65157518449314,21521800,-0.14973926274014504
2025-12-29,273.2523498535156,273.8512128461511,271.8449608988494,272.1843267483383,23715200,0.1316908213532919
2025-12-30,272.5735778808594,273.5717234473003,271.77507361210075,272.304089543875,22139600,-0.24840480713893553
2025-12-31,271.3558349609375,273.17246717497864,271.24605357156486,272.553621806917,27293600,-0.446757506501283
2026-01-02,270.5074157714844,277.32473598417806,268.5011336129586,271.75509761912826,37838100,-0.3126592761770741
2026-01-05,266.7643737792969,271.0064921177503,265.6464557026853,270.1381104139889,45647200,-1.3837114156417418
2026-01-06,261.8734436035156,267.0538212812338,261.6338984265986,266.504853430471,52352100,-1.8334270451824564
2026-01-07,259.8471984863281,263.1909919246956,259.32817380451803,262.71190159101934,48309800,-0.7737497507594893
2026-01-08,258.55963134765625,258.80916773471864,255.22581364132833,256.5433578451618,50419300,-0.4955093401707855
2026-01-09,258.8890075683594,259.7274461787287,255.74485516422808,258.5995368285105,39997000,0.12738888084979916
2026-01-12,259.76739501953125,260.8154357257053,256.32378048041085,258.6794199598783,45263800,0.339291134614883
2026-01-13,260.5658874511719,261.3244878277737,257.9108470550362,258.24022168851656,45730800,0.3073874731586601
2026-01-14,259.4779052734375,261.33447181199796,256.23393227813756,259.0087756526009,40019400,-0.4175458991876879
2026-01-15,257.73114013671875,260.5559089501236,256.5732877053955,260.1666175851947,39388600,-0.6731845375728684
2026-01-16,255.05613708496097,258.41988279267105,254.45724364888233,257.4217372195352,72142800,-1.0379044807463988
2026-01-20,246.2425079345703,254.31750190322293,242.9685916985444,252.26132447540704,80267500,-3.4555644302943334
2026-01-21,247.1907501220703,251.09350304772093,244.7253292878455,248.2388060412761,54641700,0.38508468560267684
2026-01-22,247.8894500732422,250.5345296526772,247.68980878155543,248.737864640942,39708300,0.2826561879143208
2026-01-23,247.58001708984375,248.94748685874615,244.22624741136653,246.8613663013417,41689000,-0.12482700788880585
2026-01-26,254.9363555908203,256.08421686766076,249.336758511775,251.01363570547153,55969200,2.97129735567756
2026-01-27,257.791015625,261.46421404872183,257.73112933459527,258.68937090303496,49648300,1.1197539980376536
2026-01-28,255.96446228027344,258.3799575946877,254.03803333601456,257.17220993748055,41288000,-0.7085403423770176
2026-01-29,257.801025390625,259.16847988830324,253.93820707645816,257.52154586161765,67253000,0.7175070687510443
2026-01-30,258.9988098144531,261.41430490835,251.7123292610244,254.69678984095313,92443400,0.46461584937966816
2026-02-02,269.5093078613281,269.98839826257677,258.7293169184304,259.5478036352127,73913400,4.058126002356821
2026-02-03,268.98028564453125,271.3758289780004,267.11372779647115,268.70080609664296,64394700,-0.19629088916998105
2026-02-04,275.97723388671875,278.432693698261,271.7850411492978,271.7850411492978,90545700,2.601286642781786
2026-02-05,275.3983459472656,278.98168486317746,272.72332314901723,277.6142303156022,52977400,-0.2097593092373451
2026-02-06,277.6042175292969,280.3890519626743,276.4164219647768,276.6060720438839,50453400,0.8009748840153375
2026-02-09,274.3672180175781,277.9439398399519,271.4499228389202,277.6541982366954,44623400,-1.166048390953256
2026-02-10,273.4280700683594,275.11651686144285,272.68876099546605,274.6369782150198,34376900,-0.3422959769044165
2026-02-11,275.24639892578125,279.92208361183503,274.1973776592452,274.44714753122867,51931300,0.6650117732854843
2026-02-12,261.4891052246094,275.46621856633783,259.94051360693726,275.3363333447182,81077200,-4.998173910671744
2026-02-13,255.5445556640625,261.9886306947134,255.21485759663088,261.7688319830923,56290700,-2.2733450234726726
2026-02-17,263.6371154785156,266.0449008431299,255.30478047881587,257.8124646511843,58469100,3.1667901487565153
2026-02-18,264.106689453125,266.57441720150126,262.20844437502524,263.35737977838915,34203300,0.17811375828364895
2026-02-19,260.3401184082031,264.2365527856389,259.81060750150084,262.35827847824623,30845300,-1.4261551090285374
2026-02-20,264.3364562988281,264.5063132392292,257.9223826043077,258.73163460792017,42070500,1.5350449692731916
2026-02-23,265.9349670410156,269.1819753311392,263.13755670993424,263.24744081710827,37308200,0.6047257970275721
2026-02-24,271.8895263671875,274.6369951599546,267.46358073991865,267.61343657617186,47014600,2.239103564464129
2026-02-25,273.97760009765625,274.6869380517792,270.8005039088116,271.5298429675081,33714300,0.7679860855135612
2026-02-26,272.6987609863281,275.8558253670768,270.55071567552415,274.6969199809464,32345100,-0.46676776162442035
2026-02-27,263.93682861328125,272.5588900215503,262.6480379442022,272.5588900215503,72366500,-3.213044438249635
2026-03-02,264.476318359375,266.2846497598317,259.960490133898,262.16844722421786,41827900,0.20440108677830526
2026-03-03,263.5072326660156,265.31556422164516,259.8905695547566,263.23749216234586,38568900,-0.3664168116717992
2026-03-04,262.2783508300781,265.9050144519466,261.179387723623,264.4063951364299,39803100,-0.46635601744375865
2026-03-05,260.0504150390625,261.3192350446657,257.01320478174756,260.54995479568396,49658600,-0.8494547048829904
2026-03-06,257.2229919433594,258.53178361058343,254.13584003818684,258.39192833924307,41120000,-1.087259597443213
2026-03-09,259.6407775878906,260.9095975388004,253.44647267699952,255.45463216869055,38218500,0.9399570490431275
2026-03-10,260.58990478515625,262.2384104290217,256.71350175461305,257.4128391437035,30590800,0.36555398041986376
2026-03-11,260.5699157714844,261.888707997661,259.3110658747261,260.8496568052655,26218900,-0.007670678451010549
2026-03-12,255.52456665039065,258.71164792954545,253.94601921584928,258.4219063383753,40794000,-1.9362746102732808
2026-03-13,249.8897705078125,256.0940459350445,249.29033192864068,255.24483747003177,36930000,-2.2051876328148534
2026-03-16,252.58729553222656,253.6563027081548,249.6499992581203,251.8779423541949,32074200,1.0794859745288043
2026-03-17,253.99598693847656,254.89516767044785,251.94787083452104,252.72716690012703,32361600,0.5577047742174601
2026-03-18,249.70994567871097,254.70534343896443,248.7708084606242,252.3974721128864,35757900,-1.68744447950816
2026-03-19,248.73085021972656,251.5982036354298,247.0723745163624,249.17043241392184,34864100,-0.3920930967820424
2026-03-20,247.76173400878903,248.97061168291063,245.77356028907465,247.7517334570195,88331100,-0.38962445152317393
2026-03-23,251.25851440429688,254.3656523266213,250.0496214753341,253.73622734962268,40546100,1.4113480475494988
2026-03-24,251.4083709716797,254.5954370944537,249.32029842391177,250.1195650925759,45152300,0.059642383756863815
2026-03-25,252.3874664306641,254.76528059453105,251.3684162845015,253.86611511385965,28476700,0.3894442556547473
2026-03-26,252.6572265625,256.76344411909713,250.53918279672283,251.88793104116343,41796700,0.10688333127271132
2026-03-27,248.57098388671875,255.2548282141602,247.8416601166152,253.666280215245,47900000,-1.6173068672430957
2026-03-30,246.40298461914065,250.63907198816295,245.2840052006544,249.83982057534303,39446200,-0.8721851736991582
2026-03-31,253.5563812255859,255.24482803058763,246.87255213324852,247.6818040942864,49598100,2.9031290418426225
2026-04-01,255.3946990966797,255.94418062939917,253.096813183035,253.8461228128272,40059400,0.7250134515282669
2026-04-02,255.68443298339844,255.89424639361263,250.4192795609811,253.96601496217016,31289400,0.11344553655323608
2026-04-06,258.6217041015625,261.9186847371787,256.2239194053331,256.27389167390277,29329900,1.1487876222620041
2026-04-07,253.26666259765625,255.96418954301225,245.47383916108728,255.92421782448065,62148000,-2.07060792616357
2026-04-08,258.66168212890625,259.51090582044134,256.29386854025813,258.2121146377317,41032800,2.1301735790709264
2026-04-09,260.2502136230469,260.879638597066,255.8342992320816,258.7615948993736,28121600,0.6141348347641795
2026-04-10,260.240234375,261.94865175168746,258.78155637925676,259.7406946341393,31291500,-0.0038344821731151058
2026-04-13,258.96142578125,259.9405042051452,256.4237552437805,259.49093671136296,36234700,-0.49139542039732254
2026-04-14,258.59173583984375,261.68888841493145,256.9532612999924,259.01136264890187,48370700,-0.142758690909639
2026-04-15,266.18475341796875,266.3146386359468,257.57269269729437,257.92237663273806,49913500,2.936295529114541
2026-04-16,263.15753173828125,266.91408037974617,261.0294875448873,266.55439590858066,43323100,-1.1372633634406881
2026-04-17,269.98126220703125,272.0493335842862,266.47448343207725,266.7142527536172,61436200,2.593021154924191
2026-04-20,272.79864501953125,274.0275237795767,270.04120633500696,270.08114756253855,36590200,1.043547537139644
2026-04-21,265.9250183105469,272.5488901425708,265.1557075406741,271.250098918132,50209800,-2.5196703995697067
2026-04-22,272.9185791015625,273.48803128351057,266.62435952726383,267.5734973129919,43249200,2.629899524101398
2026-04-23,273.1783142089844,275.5161566987003,271.39995382845746,274.79681820267325,33399600,0.09516944880663125
2026-04-24,270.81048583984375,272.80864483253174,269.4017800912603,272.50893317942314,38157100,-0.8667702544387201
2026-04-27,267.3636474609375,268.1129570778125,264.8260075108844,265.84505761361925,41466800,-1.2727861582674027
2026-04-28,270.4608154296875,272.97851539952296,268.4127145556596,272.0893199684016,40018900,1.1584102768505522
2026-04-29,269.92132568359375,270.7905199823619,266.7942019267937,267.3037117460274,30047900,-0.1994705758897597
2026-04-30,271.1002502441406,275.7459641951834,267.893213328058,270.25102650288807,91848200,0.4367659937802859
2026-05-01,279.88214111328125,286.95561044034525,278.1137509144006,278.6032901046287,79915400,3.239351812191993
2026-05-04,276.5751647949219,280.3716851917065,274.60697695873915,279.4025768563376,46668400,-1.1815603186417278
2026-05-05,283.9184265136719,284.30808218316156,276.2455026895375,276.6750995896243,49311700,2.6550690927708454
2026-05-06,287.245361328125,287.76487170009636,280.8112868075762,281.66051049385584,58336100,1.1717924952267644
2026-05-07,287.1754150390625,291.8611003514943,285.5169394038565,289.00371711581823,45224300,-0.024350711440246364
2026-05-08,293.0500183105469,294.4886952888782,289.7330669166447,289.7430674686918,52692800,2.0456497888878378
2026-05-11,292.67999267578125,293.8800048828125,290.2300109863281,291.9800109863281,42247300,-0.12626705737772692
2026-05-12,294.79998779296875,295.2699890136719,292.55999755859375,292.55999755859375,45748100,0.7243389265544797
2026-05-13,298.8699951171875,300.9200134277344,293.5,293.5,52684300,1.3805995565634221
2026-05-14,298.2099914550781,300.45001220703125,295.3800048828125,299.82000732421875,35324900,-0.220833028705536
2026-05-15,300.2300109863281,303.20001220703125,296.5199890136719,297.8999938964844,54862800,0.6773815730967137
2026-05-18,297.8399963378906,300.6600036621094,294.9100036621094,300.239990234375,34483000,-0.7960612067346995
2026-05-19,298.9700012207031,300.510009765625,296.3500061035156,296.9700012207031,42243600,0.3793999787491842
2026-05-20,302.25,302.79998779296875,298.0799865722656,298.17999267578125,38229800,1.09709963070026
2026-05-21,304.989990234375,305.5400085449219,300.3999938964844,301.05999755859375,42965100,0.9065310949131433
2026-05-22,308.82000732421875,311.3999938964844,305.8399963378906,306.1199951171875,43670200,1.2557845216167651
2026-05-26,308.3299865722656,311.82000732421875,307.6700134277344,309.55999755859375,48000500,-0.1586751960143129
2026-05-27,310.8500061035156,313.260009765625,308.29998779296875,308.3299865722656,50430900,0.8173125031610828
2026-05-28,312.510009765625,312.79998779296875,309.57000732421875,310.67999267578125,48220400,0.5340207912225559
2026-05-29,312.05999755859375,315.0,309.5299987792969,311.7799987792969,70026800,-0.1439992937726231
2026-06-01,306.30999755859375,310.94000244140625,305.0199890136719,309.6300048828125,48849900,-1.8425943872925732
2026-06-02,315.20001220703125,315.45001220703125,306.69000244140625,307.4599914550781,44534700,2.902293336585249
2026-06-03,310.260009765625,316.94000244140625,308.8500061035156,314.17999267578125,50836700,-1.5672595971098935
2026-06-04,311.2300109863281,313.5400085449219,309.6499938964844,313.2300109863281,44869100,0.31264139436979477
2026-06-05,307.3399963378906,315.1700134277344,307.1499938964844,312.8599853515625,65310500,-1.249884172837168
2026-06-08,301.5400085449219,317.3999938964844,301.1700134277344,308.739990234375,77949100,-1.887156849768501
2026-06-09,290.54998779296875,300.75,287.7799987792969,300.2799987792969,70108800,-3.6446310408311478
2026-06-10,291.5799865722656,294.75,287.3800048828125,290.739990234375,52793300,0.3544996808021894
2026-06-11,295.6300048828125,297.0,289.5899963378906,293.7200012207031,42572500,1.3889904990249002
2026-06-12,291.1300048828125,297.1400146484375,289.6199951171875,296.0299987792969,38742100,-1.5221729613622226
2026-06-15,296.4200134277344,297.7799987792969,291.70001220703125,294.1199951171875,45732600,1.8170605764429082
2026-06-16,299.239990234375,300.4800109863281,293.9700012207031,295.25,39874400,0.9513449426140408
2026-06-17,295.95001220703125,302.07000732421875,294.3599853515625,300.8500061035156,42745100,-1.0994446379867018
2026-06-18,298.010009765625,300.57000732421875,295.6199951171875,298.1099853515625,85962200,0.6960626705947437
2026-06-22,297.010009765625,302.4200134277344,296.760009765625,297.30999755859375,44879900,-0.3355591984264161
2026-06-23,294.29998779296875,301.6400146484375,294.17999267578125,297.5400085449219,52010900,-0.912434558954689
2026-06-24,293.0799865722656,299.70001220703125,292.94000244140625,295.3599853515625,53081900,-0.4145434153267291
2026-06-25,275.1499938964844,288.79998779296875,273.75,287.3999938964844,107013700,-6.117781321571137
2026-06-26,283.7799987792969,285.95001220703125,274.2099914550781,275.0,261775500,3.136472859984596
2026-06-29,281.739990234375,288.3699951171875,279.8500061035156,286.7300109863281,66427000,-0.7188697419469814
2026-06-30,289.3599853515625,289.94000244140625,280.70001220703125,281.1700134277344,65100200,2.704619642688466
2026-07-01,294.3800048828125,296.5899963378906,289.20001220703125,293.44000244140625,50164200,1.7348699838890536
2026-07-02,308.6300048828125,309.4200134277344,293.67999267578125,294.1199951171875,75352800,4.84068203126522
2026-07-06,312.6600036621094,314.20001220703125,307.0,307.3599853515625,53590000,1.305770247720095
2026-07-07,310.6600036621094,315.4800109863281,310.1499938964844,315.2900085449219,42490000,-0.6396724801939757
2026-07-08,313.3900146484375,314.82000732421875,307.04998779296875,311.9100036621094,41323500,0.8787777487112347
2026-07-09,316.2200012207031,316.5299987792969,308.1600036621094,310.510009765625,48124500,0.9030238488741738
2026-07-10,315.32000732421875,316.9100036621094,312.1700134277344,314.7200012207031,34132300,-0.28461004775477416
2026-07-13,317.30999755859375,323.45001220703125,315.7799987792969,317.0199890136719,43257800,0.6311017975871192
2026-07-14,314.8599853515625,316.19000244140625,311.9100036621094,313.760009765625,36336800,-0.7721194497122164
2026-07-15,327.5,328.7300109863281,317.32000732421875,317.6199951171875,60957600,4.01448746633335
2026-07-16,333.260009765625,334.67999267578125,326.7900085449219,328.010009765625,62970600,1.7587816078244334
2026-07-17,333.739990234375,334.989990234375,329.0,331.9800109863281,63407100,0.14402582208634662
2026-07-20,326.5899963378906,333.7099914550781,323.67999267578125,333.510009765625,53468000,-2.1423845225929217
2026-07-21,327.739990234375,329.6000061035156,322.2200012207031,323.1300048828125,41338900,0.3521215926328036
2026-07-22,325.8900146484375,329.0,323.3399963378906,327.8699951171875,38755900,-0.5644644050347813
2026-07-23,321.6600036621094,323.29998779296875,319.3500061035156,321.7300109863281,40840800,-1.2979872951588756
2026-07-24,333.0199890136719,334.3699951171875,321.6199951171875,321.7900085449219,47489400,3.5316748188238156
2026-07-27,336.9100036621094,339.57000732421875,334.0199890136719,334.5400085449219,49604300,1.1681024493330971
2026-07-28,340.0799865722656,342.8900146484375,335.6000061035156,340.0299987792969,51859000,0.9408990162653286
2026-07-29,338.19000244140625,344.57000732421875,337.3500061035156,339.7300109863281,56090800,-0.5557469435084728
2026-07-30,333.42999267578125,334.75,329.5899963378906,333.1000061035156,74817800,-1.4074957069287408
2026-07-31,308.9100036621094,310.69000244140625,300.0,304.80999755859375,132489100,-7.353864245054432
2026-08-03,303.4200134277344,311.79998779296875,302.55999755859375,309.5799865722656,75052000,-1.7772134826620989
2026-08-04,309.3800048828125,310.4200134277344,301.32000732421875,302.7300109863281,68001000,1.9642710405777475
2026-08-05,311.0,311.7099914550781,305.6700134277344,309.3599853515625,49438800,0.5236263144417164
2026-08-06,312.4100036621094,316.2900085449219,309.2300109863281,314.3399963378906,46139900,0.4533773833149013
2026-08-07,313.3299865722656,314.80999755859375,310.739990234375,311.45001220703125,34407100,0.29447933784836344
